stage,runtime_stage_s,cum_engine_s,wall_total_s,support_threshold,freq_threshold,n_mfi_cum
1,0.0006533,0.0006533,32.3465,0.774878,950,1
2,6.37e-05,0.000717,32.3465,0.772431,947,2
3,7.01e-05,0.0007871,32.3465,0.771615,946,3
4,8.72e-05,0.0008743,32.3465,0.768352,942,4
5,0.000112,0.0009862999999999999,32.3465,0.762643,935,5
6,0.0001277,0.0011139999999999998,32.3465,0.761827,934,6
7,0.000142,0.0012559999999999997,32.3465,0.760196,932,7
8,0.0001678,0.0014237999999999998,32.3465,0.760196,932,8
9,0.0001641,0.0015878999999999997,32.3465,0.760196,932,9
10,6.72e-05,0.0016550999999999996,32.3465,0.757749,929,10
11,0.0002294,0.0018844999999999997,32.3465,0.756933,928,11
12,0.0004084,0.0022928999999999996,32.3465,0.756933,928,12
13,0.0001323,0.0024251999999999998,32.3465,0.756117,927,13
14,0.0003298,0.0027549999999999996,32.3465,0.755302,926,14
15,0.000286,0.0030409999999999994,32.3465,0.755302,926,15
16,0.0001732,0.0032141999999999995,32.3465,0.754486,925,16
17,7.38e-05,0.0032879999999999997,32.3465,0.75367,924,17
18,0.0002191,0.0035070999999999995,32.3465,0.752039,922,18
19,9.26e-05,0.0035996999999999995,32.3465,0.751223,921,19
20,9.25e-05,0.0036921999999999996,32.3465,0.751223,921,20
21,0.000229,0.0039212,32.3465,0.751223,921,21
22,0.0001687,0.0040899,32.3465,0.750408,920,22
23,0.000256,0.0043459,32.3465,0.750408,920,23
24,9.54e-05,0.0044413,32.3465,0.749592,919,24
25,0.000113,0.0045543,32.3465,0.748777,918,25
26,0.0001057,0.00466,32.3465,0.747961,917,26
27,9.7e-05,0.004757,32.3465,0.747145,916,27
28,9.46e-05,0.0048516,32.3465,0.747145,916,28
29,0.0001149,0.0049665,32.3465,0.74633,915,29
30,0.0001002,0.0050667,32.3465,0.74633,915,30
31,0.0001669,0.005233600000000001,32.3465,0.74633,915,31
32,0.0001046,0.0053382,32.3465,0.74633,915,32
33,0.0001039,0.0054421,32.3465,0.74633,915,33
34,0.0001033,0.0055454,32.3465,0.745514,914,34
35,0.0001455,0.0056909,32.3465,0.743883,912,35
36,0.0002246,0.0059155,32.3465,0.743883,912,36
37,0.0001266,0.0060421,32.3465,0.743067,911,37
38,0.0002002,0.0062423,32.3465,0.743067,911,38
39,0.0001344,0.0063767,32.3465,0.743067,911,39
40,0.0002298,0.0066064999999999995,32.3465,0.742251,910,40
41,0.0001478,0.0067542999999999995,32.3465,0.741436,909,41
42,0.0001755,0.0069298,32.3465,0.741436,909,42
43,0.0001576,0.0070874,32.3465,0.74062,908,43
44,0.0001448,0.007232199999999999,32.3465,0.74062,908,44
45,0.0001663,0.0073985,32.3465,0.739804,907,45
46,0.0003614,0.0077599,32.3465,0.739804,907,46
47,0.0002371,0.007997,32.3465,0.739804,907,47
48,0.0001747,0.0081717,32.3465,0.739804,907,48
49,0.0001737,0.008345400000000001,32.3465,0.739804,907,49
50,0.0002055,0.008550900000000002,32.3465,0.739804,907,50
51,0.0001628,0.008713700000000001,32.3465,0.738989,906,51
52,0.0002716,0.008985300000000002,32.3465,0.738989,906,52
53,0.000186,0.009171300000000002,32.3465,0.738989,906,53
54,0.0001725,0.009343800000000003,32.3465,0.738173,905,54
55,0.0001969,0.009540700000000003,32.3465,0.736542,903,55
56,0.0002092,0.009749900000000002,32.3465,0.736542,903,56
57,0.0002033,0.009953200000000002,32.3465,0.736542,903,57
58,0.0002352,0.010188400000000002,32.3465,0.736542,903,58
59,0.0001939,0.010382300000000002,32.3465,0.735726,902,59
60,0.0003524,0.010734700000000002,32.3465,0.73491,901,60
61,0.0002322,0.010966900000000002,32.3465,0.734095,900,61
62,0.0001986,0.011165500000000002,32.3465,0.734095,900,62
63,0.0002346,0.011400100000000002,32.3465,0.734095,900,63
64,0.0002055,0.011605600000000002,32.3465,0.733279,899,64
65,0.0001998,0.011805400000000002,32.3465,0.733279,899,65
66,0.0002108,0.012016200000000003,32.3465,0.732463,898,66
67,0.0001973,0.012213500000000002,32.3465,0.731648,897,67
68,0.0002112,0.012424700000000002,32.3465,0.731648,897,68
69,0.0001954,0.012620100000000002,32.3465,0.731648,897,69
70,0.0002156,0.012835700000000002,32.3465,0.730832,896,70
71,0.0003356,0.013171300000000002,32.3465,0.730832,896,71
72,0.0002651,0.013436400000000003,32.3465,0.730832,896,72
73,0.0002078,0.013644200000000002,32.3465,0.730832,896,73
74,0.0002015,0.013845700000000002,32.3465,0.730016,895,74
75,0.0001921,0.014037800000000003,32.3465,0.730016,895,75
76,0.0002195,0.014257300000000002,32.3465,0.729201,894,76
77,0.0002064,0.014463700000000003,32.3465,0.729201,894,77
78,0.0002133,0.014677000000000003,32.3465,0.729201,894,78
79,0.0003553,0.015032300000000002,32.3465,0.729201,894,79
80,0.0002467,0.015279000000000003,32.3465,0.728385,893,80
81,0.0002296,0.015508600000000003,32.3465,0.728385,893,81
82,0.0002261,0.015734700000000004,32.3465,0.728385,893,82
83,0.0002214,0.015956100000000004,32.3465,0.727569,892,83
84,0.0002258,0.016181900000000006,32.3465,0.727569,892,84
85,0.0002262,0.016408100000000005,32.3465,0.726754,891,85
86,0.000234,0.016642100000000007,32.3465,0.726754,891,86
87,0.0002553,0.016897400000000007,32.3465,0.726754,891,87
88,0.0006385,0.017535900000000007,32.3465,0.726754,891,88
89,0.0003206,0.017856500000000008,32.3465,0.725938,890,89
90,0.0002557,0.01811220000000001,32.3465,0.725938,890,90
91,0.0002472,0.01835940000000001,32.3465,0.725938,890,91
92,0.0002463,0.01860570000000001,32.3465,0.725938,890,92
93,0.0003043,0.01891000000000001,32.3465,0.725122,889,93
94,0.00026,0.01917000000000001,32.3465,0.725122,889,94
95,0.000262,0.01943200000000001,32.3465,0.725122,889,95
96,0.0002456,0.019677600000000007,32.3465,0.725122,889,96
97,0.0002735,0.019951100000000006,32.3465,0.725122,889,97
98,0.0002664,0.020217500000000006,32.3465,0.725122,889,98
99,0.0002785,0.020496000000000007,32.3465,0.724307,888,99
100,0.0002577,0.020753700000000007,32.3465,0.724307,888,100
101,0.0002709,0.021024600000000008,32.3465,0.724307,888,101
102,0.0002931,0.02131770000000001,32.3465,0.724307,888,102
103,0.0003224,0.02164010000000001,32.3465,0.724307,888,103
104,0.0002989,0.02193900000000001,32.3465,0.724307,888,104
105,0.0002622,0.02220120000000001,32.3465,0.723491,887,105
106,0.0002948,0.022496000000000013,32.3465,0.723491,887,106
107,0.0003291,0.02282510000000001,32.3465,0.723491,887,107
108,0.0003343,0.02315940000000001,32.3465,0.723491,887,108
109,0.0003683,0.02352770000000001,32.3465,0.723491,887,109
110,0.000412,0.023939700000000008,32.3465,0.723491,887,110
111,0.0005507,0.02449040000000001,32.3465,0.72186,885,111
112,0.000364,0.02485440000000001,32.3465,0.72186,885,112
113,0.0003011,0.025155500000000008,32.3465,0.72186,885,113
114,0.0003146,0.02547010000000001,32.3465,0.72186,885,114
115,0.0003211,0.02579120000000001,32.3465,0.72186,885,115
116,0.0003134,0.02610460000000001,32.3465,0.72186,885,116
117,0.0003166,0.02642120000000001,32.3465,0.72186,885,117
118,0.0003538,0.02677500000000001,32.3465,0.72186,885,118
119,0.0003247,0.02709970000000001,32.3465,0.721044,884,119
120,0.0003192,0.02741890000000001,32.3465,0.721044,884,120
121,0.0003296,0.02774850000000001,32.3465,0.721044,884,121
122,0.0005826,0.02833110000000001,32.3465,0.721044,884,122
123,0.0003772,0.02870830000000001,32.3465,0.720228,883,123
124,0.0003314,0.02903970000000001,32.3465,0.720228,883,124
125,0.0003227,0.029362400000000007,32.3465,0.719413,882,125
126,0.0003349,0.029697300000000006,32.3465,0.719413,882,126
127,0.0003215,0.030018800000000005,32.3465,0.719413,882,127
128,0.0016838,0.031702600000000004,32.3465,0.719413,882,128
129,0.0031923,0.034894900000000006,32.3465,0.719413,882,129
130,0.0003397,0.035234600000000005,32.3465,0.719413,882,130
131,0.0003411,0.0355757,32.3465,0.718597,881,131
132,0.0003452,0.0359209,32.3465,0.718597,881,132
133,0.0003524,0.0362733,32.3465,0.718597,881,133
134,0.0003326,0.036605900000000004,32.3465,0.718597,881,134
135,0.0003495,0.036955400000000006,32.3465,0.718597,881,135
136,0.0003476,0.037303,32.3465,0.718597,881,136
137,0.000335,0.037638000000000005,32.3465,0.718597,881,137
138,0.0003616,0.0379996,32.3465,0.718597,881,138
139,0.0005163,0.0385159,32.3465,0.718597,881,139
140,0.0005479,0.039063799999999996,32.3465,0.717781,880,140
141,0.0004826,0.039546399999999995,32.3465,0.717781,880,141
142,0.0004773,0.040023699999999995,32.3465,0.717781,880,142
143,0.00045,0.040473699999999994,32.3465,0.717781,880,143
144,0.0004255,0.0408992,32.3465,0.717781,880,144
145,0.0004205,0.041319699999999994,32.3465,0.716966,879,145
146,0.000409,0.041728699999999994,32.3465,0.716966,879,146
147,0.0004352,0.04216389999999999,32.3465,0.716966,879,147
148,0.0004211,0.04258499999999999,32.3465,0.716966,879,148
149,0.000413,0.04299799999999999,32.3465,0.71615,878,149
150,0.0005973,0.04359529999999999,32.3465,0.71615,878,150
151,0.0006179,0.04421319999999999,32.3465,0.71615,878,151
152,0.0004384,0.044651599999999986,32.3465,0.71615,878,152
153,0.0004161,0.04506769999999999,32.3465,0.71615,878,153
154,0.0004773,0.04554499999999999,32.3465,0.71615,878,154
155,0.0004436,0.04598859999999999,32.3465,0.71615,878,155
156,0.0006967,0.04668529999999999,32.3465,0.71615,878,156
157,0.000424,0.04710929999999999,32.3465,0.715334,877,157
158,0.0004515,0.04756079999999999,32.3465,0.715334,877,158
159,0.0004363,0.047997099999999994,32.3465,0.715334,877,159
160,0.0004104,0.04840749999999999,32.3465,0.715334,877,160
161,0.000411,0.048818499999999994,32.3465,0.715334,877,161
162,0.0004175,0.049235999999999995,32.3465,0.715334,877,162
163,0.0004023,0.049638299999999996,32.3465,0.715334,877,163
164,0.0003984,0.050036699999999996,32.3465,0.715334,877,164
165,0.0011126,0.051149299999999995,32.3465,0.715334,877,165
166,0.0005339,0.05168319999999999,32.3465,0.715334,877,166
167,0.0004186,0.05210179999999999,32.3465,0.714519,876,167
168,0.0003905,0.05249229999999999,32.3465,0.714519,876,168
169,0.0004128,0.05290509999999999,32.3465,0.714519,876,169
170,0.0004301,0.05333519999999999,32.3465,0.714519,876,170
171,0.0004284,0.053763599999999995,32.3465,0.714519,876,171
172,0.0004183,0.0541819,32.3465,0.714519,876,172
173,0.0004511,0.054633,32.3465,0.714519,876,173
174,0.0004157,0.0550487,32.3465,0.714519,876,174
175,0.000514,0.0555627,32.3465,0.713703,875,175
176,0.0005069,0.0560696,32.3465,0.713703,875,176
177,0.0006221,0.0566917,32.3465,0.713703,875,177
178,0.0004744,0.0571661,32.3465,0.713703,875,178
179,0.0004416,0.0576077,32.3465,0.713703,875,179
180,0.0004438,0.0580515,32.3465,0.713703,875,180
181,0.0004685,0.058519999999999996,32.3465,0.713703,875,181
182,0.0004701,0.0589901,32.3465,0.713703,875,182
183,0.0004492,0.059439299999999994,32.3465,0.712887,874,183
184,0.000444,0.059883299999999993,32.3465,0.712887,874,184
185,0.0004727,0.06035599999999999,32.3465,0.712887,874,185
186,0.0005004,0.06085639999999999,32.3465,0.712887,874,186
187,0.0004607,0.06131709999999999,32.3465,0.712887,874,187
188,0.0006547,0.061971799999999994,32.3465,0.712887,874,188
189,0.0004642,0.06243599999999999,32.3465,0.712887,874,189
190,0.0004719,0.06290789999999999,32.3465,0.712887,874,190
191,0.0004649,0.06337279999999999,32.3465,0.712887,874,191
192,0.0004754,0.0638482,32.3465,0.712887,874,192
193,0.0004918,0.06434,32.3465,0.712887,874,193
194,0.0005109,0.06485089999999999,32.3465,0.712072,873,194
195,0.0004952,0.06534609999999999,32.3465,0.712072,873,195
196,0.0004756,0.0658217,32.3465,0.712072,873,196
197,0.0004679,0.06628959999999999,32.3465,0.712072,873,197
198,0.0004939,0.0667835,32.3465,0.712072,873,198
199,0.0004802,0.0672637,32.3465,0.711256,872,199
200,0.0004971,0.0677608,32.3465,0.711256,872,200
201,0.0004923,0.0682531,32.3465,0.711256,872,201
202,0.0004836,0.0687367,32.3465,0.711256,872,202
203,0.0004936,0.0692303,32.3465,0.711256,872,203
204,0.0005715,0.0698018,32.3465,0.711256,872,204
205,0.0005064,0.0703082,32.3465,0.711256,872,205
206,0.0005528,0.07086100000000001,32.3465,0.711256,872,206
207,0.0005878,0.0714488,32.3465,0.711256,872,207
208,0.0006121,0.07206090000000001,32.3465,0.711256,872,208
209,0.0006631,0.07272400000000001,32.3465,0.711256,872,209
210,0.0006,0.07332400000000001,32.3465,0.71044,871,210
211,0.0005377,0.07386170000000002,32.3465,0.71044,871,211
212,0.0006059,0.07446760000000002,32.3465,0.71044,871,212
213,0.0007365,0.07520410000000002,32.3465,0.71044,871,213
214,0.0005454,0.07574950000000003,32.3465,0.71044,871,214
215,0.0005477,0.07629720000000002,32.3465,0.71044,871,215
216,0.0005611,0.07685830000000002,32.3465,0.709625,870,216
217,0.000891,0.07774930000000002,32.3465,0.709625,870,217
218,0.0007811,0.07853040000000003,32.3465,0.709625,870,218
219,0.0005991,0.07912950000000003,32.3465,0.709625,870,219
220,0.0005496,0.07967910000000003,32.3465,0.709625,870,220
221,0.0005657,0.08024480000000003,32.3465,0.709625,870,221
222,0.0005454,0.08079020000000003,32.3465,0.708809,869,222
223,0.0005243,0.08131450000000004,32.3465,0.708809,869,223
224,0.0005786,0.08189310000000004,32.3465,0.708809,869,224
225,0.0008299,0.08272300000000003,32.3465,0.708809,869,225
226,0.0007346,0.08345760000000003,32.3465,0.708809,869,226
227,0.0006058,0.08406340000000004,32.3465,0.708809,869,227
228,0.0010813,0.08514470000000003,32.3465,0.708809,869,228
229,0.0006206,0.08576530000000003,32.3465,0.707993,868,229
230,0.0005488,0.08631410000000003,32.3465,0.707993,868,230
231,0.0005628,0.08687690000000003,32.3465,0.707993,868,231
232,0.0005637,0.08744060000000003,32.3465,0.707993,868,232
233,0.000663,0.08810360000000003,32.3465,0.707993,868,233
234,0.0008822,0.08898580000000003,32.3465,0.707993,868,234
235,0.0006321,0.08961790000000003,32.3465,0.707993,868,235
236,0.0006011,0.09021900000000002,32.3465,0.707993,868,236
237,0.0006501,0.09086910000000002,32.3465,0.707993,868,237
238,0.0011108,0.09197990000000002,32.3465,0.707993,868,238
239,0.0006845,0.09266440000000002,32.3465,0.707178,867,239
240,0.0006167,0.09328110000000002,32.3465,0.707178,867,240
241,0.0006086,0.09388970000000002,32.3465,0.707178,867,241
242,0.0006704,0.09456010000000002,32.3465,0.707178,867,242
243,0.0006314,0.09519150000000003,32.3465,0.707178,867,243
244,0.0006258,0.09581730000000002,32.3465,0.707178,867,244
245,0.0005879,0.09640520000000002,32.3465,0.707178,867,245
246,0.0005889,0.09699410000000003,32.3465,0.706362,866,246
247,0.0005946,0.09758870000000003,32.3465,0.706362,866,247
248,0.0005943,0.09818300000000003,32.3465,0.706362,866,248
249,0.0006011,0.09878410000000003,32.3465,0.706362,866,249
250,0.0006595,0.09944360000000002,32.3465,0.706362,866,250
251,0.0006052,0.10004880000000002,32.3465,0.706362,866,251
252,0.0005863,0.10063510000000002,32.3465,0.706362,866,252
253,0.0005706,0.10120570000000002,32.3465,0.705546,865,253
254,0.0005903,0.10179600000000003,32.3465,0.705546,865,254
255,0.0006262,0.10242220000000002,32.3465,0.705546,865,255
256,0.0006126,0.10303480000000002,32.3465,0.705546,865,256
257,0.0005994,0.10363420000000002,32.3465,0.705546,865,257
258,0.0008258,0.10446000000000003,32.3465,0.705546,865,258
259,0.0007433,0.10520330000000003,32.3465,0.705546,865,259
260,0.0006705,0.10587380000000003,32.3465,0.704731,864,260
261,0.0006415,0.10651530000000003,32.3465,0.704731,864,261
262,0.0006336,0.10714890000000003,32.3465,0.704731,864,262
263,0.0006662,0.10781510000000004,32.3465,0.704731,864,263
264,0.0006636,0.10847870000000004,32.3465,0.704731,864,264
265,0.0006375,0.10911620000000004,32.3465,0.704731,864,265
266,0.0006755,0.10979170000000003,32.3465,0.704731,864,266
267,0.0006893,0.11048100000000004,32.3465,0.703915,863,267
268,0.0006312,0.11111220000000004,32.3465,0.703915,863,268
269,0.0006325,0.11174470000000003,32.3465,0.703915,863,269
270,0.0006873,0.11243200000000003,32.3465,0.703915,863,270
271,0.0006382,0.11307020000000004,32.3465,0.703915,863,271
272,0.0006559,0.11372610000000004,32.3465,0.703915,863,272
273,0.0006861,0.11441220000000003,32.3465,0.703915,863,273
274,0.0006801,0.11509230000000004,32.3465,0.703915,863,274
275,0.0006616,0.11575390000000003,32.3465,0.703915,863,275
276,0.0006529,0.11640680000000003,32.3465,0.703915,863,276
277,0.0006646,0.11707140000000003,32.3465,0.7031,862,277
278,0.0007887,0.11786010000000004,32.3465,0.7031,862,278
279,0.0006681,0.11852820000000004,32.3465,0.7031,862,279
280,0.0006867,0.11921490000000004,32.3465,0.7031,862,280
281,0.0006795,0.11989440000000004,32.3465,0.7031,862,281
282,0.0007815,0.12067590000000004,32.3465,0.7031,862,282
283,0.0009222,0.12159810000000004,32.3465,0.7031,862,283
284,0.0007472,0.12234530000000005,32.3465,0.7031,862,284
285,0.0006918,0.12303710000000005,32.3465,0.702284,861,285
286,0.0006886,0.12372570000000005,32.3465,0.702284,861,286
287,0.0007264,0.12445210000000005,32.3465,0.702284,861,287
288,0.0007017,0.12515380000000006,32.3465,0.702284,861,288
289,0.0007095,0.12586330000000007,32.3465,0.702284,861,289
290,0.0007626,0.12662590000000007,32.3465,0.702284,861,290
291,0.0009511,0.12757700000000008,32.3465,0.702284,861,291
292,0.0007003,0.12827730000000007,32.3465,0.702284,861,292
293,0.0007013,0.12897860000000005,32.3465,0.702284,861,293
294,0.0006919,0.12967050000000005,32.3465,0.702284,861,294
295,0.0006865,0.13035700000000006,32.3465,0.702284,861,295
296,0.0006934,0.13105040000000007,32.3465,0.702284,861,296
297,0.0007054,0.13175580000000006,32.3465,0.702284,861,297
298,0.0007887,0.13254450000000007,32.3465,0.702284,861,298
299,0.0007046,0.13324910000000006,32.3465,0.702284,861,299
300,0.0007025,0.13395160000000006,32.3465,0.702284,861,300
301,0.0007038,0.13465540000000006,32.3465,0.701468,860,301
302,0.0007156,0.13537100000000007,32.3465,0.701468,860,302
303,0.0007109,0.13608190000000006,32.3465,0.701468,860,303
304,0.0007289,0.13681080000000007,32.3465,0.701468,860,304
305,0.0008786,0.13768940000000007,32.3465,0.701468,860,305
306,0.0008123,0.13850170000000006,32.3465,0.701468,860,306
307,0.0007906,0.13929230000000006,32.3465,0.701468,860,307
308,0.000748,0.14004030000000006,32.3465,0.701468,860,308
309,0.0007516,0.14079190000000005,32.3465,0.701468,860,309
310,0.0007572,0.14154910000000007,32.3465,0.700653,859,310
311,0.0009664,0.14251550000000007,32.3465,0.700653,859,311
312,0.0007749,0.14329040000000007,32.3465,0.700653,859,312
313,0.0007611,0.14405150000000005,32.3465,0.700653,859,313
314,0.0007423,0.14479380000000006,32.3465,0.700653,859,314
315,0.0007413,0.14553510000000006,32.3465,0.700653,859,315
316,0.0007573,0.14629240000000004,32.3465,0.700653,859,316
317,0.0007969,0.14708930000000003,32.3465,0.700653,859,317
318,0.0007742,0.14786350000000004,32.3465,0.700653,859,318
319,0.0007532,0.14861670000000005,32.3465,0.700653,859,319
320,0.0007802,0.14939690000000005,32.3465,0.700653,859,320
321,0.0007887,0.15018560000000006,32.3465,0.700653,859,321
322,0.000756,0.15094160000000006,32.3465,0.699837,858,322
323,0.0007916,0.15173320000000007,32.3465,0.699837,858,323
324,0.0008144,0.15254760000000006,32.3465,0.699837,858,324
325,0.000833,0.15338060000000006,32.3465,0.699837,858,325
326,0.0009763,0.15435690000000007,32.3465,0.699837,858,326
327,0.000833,0.15518990000000008,32.3465,0.699837,858,327
328,0.0008156,0.15600550000000007,32.3465,0.699837,858,328
329,0.0008212,0.15682670000000007,32.3465,0.699837,858,329
330,0.0008539,0.15768060000000006,32.3465,0.699837,858,330
331,0.000922,0.15860260000000007,32.3465,0.699837,858,331
332,0.000871,0.15947360000000008,32.3465,0.699837,858,332
333,0.000818,0.1602916000000001,32.3465,0.699021,857,333
334,0.0007896,0.1610812000000001,32.3465,0.699021,857,334
335,0.0007999,0.16188110000000008,32.3465,0.699021,857,335
336,0.0008462,0.16272730000000007,32.3465,0.699021,857,336
337,0.0008091,0.16353640000000008,32.3465,0.699021,857,337
338,0.0008216,0.1643580000000001,32.3465,0.699021,857,338
339,0.0008101,0.1651681000000001,32.3465,0.699021,857,339
340,0.0008097,0.1659778000000001,32.3465,0.699021,857,340
341,0.0008216,0.1667994000000001,32.3465,0.699021,857,341
342,0.0008155,0.1676149000000001,32.3465,0.698206,856,342
343,0.0007985,0.1684134000000001,32.3465,0.698206,856,343
344,0.0008268,0.1692402000000001,32.3465,0.698206,856,344
345,0.0009213,0.1701615000000001,32.3465,0.698206,856,345
346,0.000972,0.1711335000000001,32.3465,0.698206,856,346
347,0.0008664,0.1719999000000001,32.3465,0.698206,856,347
348,0.0008608,0.1728607000000001,32.3465,0.698206,856,348
349,0.0008847,0.17374540000000008,32.3465,0.698206,856,349
350,0.0008819,0.17462730000000007,32.3465,0.698206,856,350
351,0.0008556,0.17548290000000008,32.3465,0.69739,855,351
352,0.0010471,0.17653000000000008,32.3465,0.69739,855,352
353,0.0008257,0.1773557000000001,32.3465,0.69739,855,353
354,0.0008008,0.17815650000000008,32.3465,0.69739,855,354
355,0.0008349,0.17899140000000008,32.3465,0.69739,855,355
356,0.0008321,0.17982350000000008,32.3465,0.69739,855,356
357,0.0008315,0.1806550000000001,32.3465,0.69739,855,357
358,0.0008499,0.18150490000000008,32.3465,0.69739,855,358
359,0.0008645,0.18236940000000007,32.3465,0.69739,855,359
360,0.0008524,0.18322180000000007,32.3465,0.69739,855,360
361,0.00085,0.18407180000000006,32.3465,0.69739,855,361
362,0.0008533,0.18492510000000006,32.3465,0.69739,855,362
363,0.0008484,0.18577350000000006,32.3465,0.696574,854,363
364,0.0009851,0.18675860000000005,32.3465,0.696574,854,364
365,0.0009816,0.18774020000000005,32.3465,0.696574,854,365
366,0.0009018,0.18864200000000006,32.3465,0.696574,854,366
367,0.0009398,0.18958180000000005,32.3465,0.695759,853,367
368,0.0009081,0.19048990000000005,32.3465,0.695759,853,368
369,0.0009002,0.19139010000000004,32.3465,0.695759,853,369
370,0.000903,0.19229310000000002,32.3465,0.695759,853,370
371,0.0008793,0.19317240000000002,32.3465,0.695759,853,371
372,0.0008429,0.19401530000000003,32.3465,0.695759,853,372
373,0.000858,0.19487330000000003,32.3465,0.695759,853,373
374,0.0008886,0.19576190000000002,32.3465,0.695759,853,374
375,0.0008922,0.19665410000000003,32.3465,0.695759,853,375
376,0.0009031,0.19755720000000002,32.3465,0.695759,853,376
377,0.0009206,0.1984778,32.3465,0.695759,853,377
378,0.0009051,0.1993829,32.3465,0.695759,853,378
379,0.0009032,0.2002861,32.3465,0.695759,853,379
380,0.0008915,0.20117759999999998,32.3465,0.695759,853,380
381,0.0008898,0.20206739999999998,32.3465,0.694943,852,381
382,0.0009932,0.20306059999999998,32.3465,0.694943,852,382
383,0.0010381,0.20409869999999997,32.3465,0.694943,852,383
384,0.0009495,0.20504819999999996,32.3465,0.694943,852,384
385,0.0009235,0.20597169999999995,32.3465,0.694943,852,385
386,0.0009231,0.20689479999999996,32.3465,0.694943,852,386
387,0.0009359,0.20783069999999995,32.3465,0.694943,852,387
388,0.0009848,0.20881549999999996,32.3465,0.694943,852,388
389,0.0009214,0.20973689999999995,32.3465,0.694943,852,389
390,0.0009222,0.21065909999999996,32.3465,0.694943,852,390
391,0.0009293,0.21158839999999995,32.3465,0.694943,852,391
392,0.0009259,0.21251429999999996,32.3465,0.694943,852,392
393,0.0008887,0.21340299999999995,32.3465,0.694127,851,393
394,0.0009153,0.21431829999999996,32.3465,0.694127,851,394
395,0.0008891,0.21520739999999997,32.3465,0.694127,851,395
396,0.0009554,0.21616279999999996,32.3465,0.694127,851,396
397,0.0009214,0.21708419999999995,32.3465,0.694127,851,397
398,0.0009213,0.21800549999999996,32.3465,0.694127,851,398
399,0.0009712,0.21897669999999997,32.3465,0.694127,851,399
400,0.001137,0.22011369999999997,32.3465,0.694127,851,400
401,0.0010394,0.22115309999999996,32.3465,0.694127,851,401
402,0.0009712,0.22212429999999997,32.3465,0.694127,851,402
403,0.0010196,0.22314389999999998,32.3465,0.694127,851,403
404,0.0010051,0.224149,32.3465,0.693312,850,404
405,0.0010111,0.22516009999999997,32.3465,0.693312,850,405
406,0.000961,0.22612109999999996,32.3465,0.693312,850,406
407,0.0009726,0.22709369999999995,32.3465,0.693312,850,407
408,0.0009987,0.22809239999999995,32.3465,0.693312,850,408
409,0.0009626,0.22905499999999995,32.3465,0.693312,850,409
410,0.0009696,0.23002459999999994,32.3465,0.693312,850,410
411,0.00097,0.23099459999999994,32.3465,0.693312,850,411
412,0.0009908,0.23198539999999995,32.3465,0.693312,850,412
413,0.0010557,0.23304109999999995,32.3465,0.693312,850,413
414,0.0010091,0.23405019999999996,32.3465,0.693312,850,414
415,0.0009927,0.23504289999999997,32.3465,0.693312,850,415
416,0.0011101,0.23615299999999997,32.3465,0.693312,850,416
417,0.0011818,0.23733479999999998,32.3465,0.692496,849,417
418,0.0010412,0.23837599999999998,32.3465,0.692496,849,418
419,0.0010138,0.23938979999999999,32.3465,0.692496,849,419
420,0.0009915,0.2403813,32.3465,0.692496,849,420
421,0.0010202,0.2414015,32.3465,0.692496,849,421
422,0.0010143,0.2424158,32.3465,0.692496,849,422
423,0.0009764,0.24339219999999998,32.3465,0.692496,849,423
424,0.000987,0.24437919999999996,32.3465,0.692496,849,424
425,0.0009893,0.24536849999999996,32.3465,0.692496,849,425
426,0.0009894,0.24635789999999996,32.3465,0.692496,849,426
427,0.0010182,0.24737609999999996,32.3465,0.692496,849,427
428,0.0010254,0.24840149999999997,32.3465,0.69168,848,428
429,0.001015,0.24941649999999996,32.3465,0.69168,848,429
430,0.0010264,0.25044289999999997,32.3465,0.69168,848,430
431,0.0010194,0.25146229999999997,32.3465,0.69168,848,431
432,0.0014901,0.25295239999999997,32.3465,0.69168,848,432
433,0.0011394,0.2540918,32.3465,0.69168,848,433
434,0.0010431,0.2551349,32.3465,0.69168,848,434
435,0.0010349,0.2561698,32.3465,0.69168,848,435
436,0.0010443,0.2572141,32.3465,0.69168,848,436
437,0.0010975,0.2583116,32.3465,0.69168,848,437
438,0.0010757,0.2593873,32.3465,0.69168,848,438
439,0.0010257,0.260413,32.3465,0.69168,848,439
440,0.0009998,0.2614128,32.3465,0.69168,848,440
441,0.0010398,0.2624526,32.3465,0.690865,847,441
442,0.0010141,0.2634667,32.3465,0.690865,847,442
443,0.0010262,0.2644929,32.3465,0.690865,847,443
444,0.0010244,0.26551729999999996,32.3465,0.690865,847,444
445,0.0010079,0.26652519999999996,32.3465,0.690865,847,445
446,0.0010792,0.26760439999999996,32.3465,0.690865,847,446
447,0.0011128,0.2687172,32.3465,0.690865,847,447
448,0.0012239,0.2699411,32.3465,0.690865,847,448
449,0.0010739,0.271015,32.3465,0.690049,846,449
450,0.0010896,0.27210460000000003,32.3465,0.690049,846,450
451,0.0010972,0.27320180000000005,32.3465,0.690049,846,451
452,0.0011002,0.27430200000000005,32.3465,0.690049,846,452
453,0.0010842,0.2753862,32.3465,0.690049,846,453
454,0.0010592,0.2764454,32.3465,0.690049,846,454
455,0.001071,0.2775164,32.3465,0.690049,846,455
456,0.0010741,0.2785905,32.3465,0.690049,846,456
457,0.0010737,0.27966420000000003,32.3465,0.690049,846,457
458,0.0010957,0.2807599,32.3465,0.690049,846,458
459,0.0011261,0.281886,32.3465,0.690049,846,459
460,0.0010743,0.2829603,32.3465,0.689233,845,460
461,0.0010797,0.28404,32.3465,0.689233,845,461
462,0.0011716,0.2852116,32.3465,0.689233,845,462
463,0.0012695,0.2864811,32.3465,0.689233,845,463
464,0.0011893,0.2876704,32.3465,0.689233,845,464
465,0.0011015,0.28877189999999997,32.3465,0.689233,845,465
466,0.0011005,0.2898724,32.3465,0.689233,845,466
467,0.0011157,0.29098809999999997,32.3465,0.689233,845,467
468,0.0011079,0.29209599999999997,32.3465,0.689233,845,468
469,0.001108,0.29320399999999996,32.3465,0.689233,845,469
470,0.0011122,0.2943162,32.3465,0.689233,845,470
471,0.0011066,0.2954228,32.3465,0.689233,845,471
472,0.0011098,0.2965326,32.3465,0.689233,845,472
473,0.0011752,0.29770779999999997,32.3465,0.689233,845,473
474,0.0011198,0.29882759999999997,32.3465,0.689233,845,474
475,0.001114,0.2999416,32.3465,0.689233,845,475
476,0.0011061,0.3010477,32.3465,0.688418,844,476
477,0.0013339,0.3023816,32.3465,0.688418,844,477
478,0.0012259,0.3036075,32.3465,0.688418,844,478
479,0.0022093,0.3058168,32.3465,0.688418,844,479
480,0.0012241,0.3070409,32.3465,0.688418,844,480
481,0.0011983,0.3082392,32.3465,0.688418,844,481
482,0.0012176,0.3094568,32.3465,0.688418,844,482
483,0.001236,0.3106928,32.3465,0.688418,844,483
484,0.0011663,0.3118591,32.3465,0.688418,844,484
485,0.0011384,0.3129975,32.3465,0.687602,843,485
486,0.0012005,0.314198,32.3465,0.687602,843,486
487,0.0012,0.31539799999999996,32.3465,0.687602,843,487
488,0.0011375,0.31653549999999997,32.3465,0.687602,843,488
489,0.0012226,0.3177581,32.3465,0.687602,843,489
490,0.0013235,0.31908159999999997,32.3465,0.687602,843,490
491,0.0012341,0.3203157,32.3465,0.687602,843,491
492,0.0012059,0.32152159999999996,32.3465,0.687602,843,492
493,0.0012228,0.3227444,32.3465,0.687602,843,493
494,0.001229,0.32397339999999997,32.3465,0.687602,843,494
495,0.0013124,0.32528579999999996,32.3465,0.687602,843,495
496,0.0012353,0.32652109999999995,32.3465,0.687602,843,496
497,0.0011896,0.32771069999999997,32.3465,0.687602,843,497
498,0.0012041,0.32891479999999995,32.3465,0.687602,843,498
499,0.0011771,0.33009189999999994,32.3465,0.687602,843,499
500,0.0011869,0.33127879999999993,32.3465,0.687602,843,500
501,0.0011934,0.33247219999999994,32.3465,0.687602,843,501
502,0.0012099,0.3336820999999999,32.3465,0.686786,842,502
503,0.00131,0.3349920999999999,32.3465,0.686786,842,503
504,0.0012758,0.3362678999999999,32.3465,0.686786,842,504
505,0.0012244,0.3374922999999999,32.3465,0.686786,842,505
506,0.0012183,0.3387105999999999,32.3465,0.686786,842,506
507,0.0012152,0.33992579999999994,32.3465,0.686786,842,507
508,0.0012409,0.34116669999999993,32.3465,0.686786,842,508
509,0.001194,0.3423606999999999,32.3465,0.686786,842,509
510,0.0012211,0.3435817999999999,32.3465,0.686786,842,510
511,0.0011974,0.3447791999999999,32.3465,0.686786,842,511
512,0.0012681,0.3460472999999999,32.3465,0.686786,842,512
513,0.0012787,0.3473259999999999,32.3465,0.686786,842,513
514,0.0012379,0.3485638999999999,32.3465,0.686786,842,514
515,0.0012038,0.3497676999999999,32.3465,0.686786,842,515
516,0.0013202,0.3510878999999999,32.3465,0.686786,842,516
517,0.0013896,0.3524774999999999,32.3465,0.686786,842,517
518,0.0012466,0.3537240999999999,32.3465,0.685971,841,518
519,0.0012562,0.35498029999999986,32.3465,0.685971,841,519
520,0.0012529,0.35623319999999986,32.3465,0.685971,841,520
521,0.0012206,0.3574537999999999,32.3465,0.685971,841,521
522,0.0011949,0.3586486999999999,32.3465,0.685971,841,522
523,0.0012174,0.35986609999999986,32.3465,0.685971,841,523
524,0.0012522,0.36111829999999984,32.3465,0.685971,841,524
525,0.0012269,0.3623451999999998,32.3465,0.685971,841,525
526,0.0012195,0.3635646999999998,32.3465,0.685971,841,526
527,0.0012165,0.3647811999999998,32.3465,0.685971,841,527
528,0.0011919,0.36597309999999983,32.3465,0.685155,840,528
529,0.0012328,0.3672058999999998,32.3465,0.685155,840,529
530,0.001432,0.3686378999999998,32.3465,0.685155,840,530
531,0.0012754,0.3699132999999998,32.3465,0.685155,840,531
532,0.0013111,0.3712243999999998,32.3465,0.685155,840,532
533,0.0013006,0.3725249999999998,32.3465,0.685155,840,533
534,0.0013724,0.37389739999999977,32.3465,0.685155,840,534
535,0.0012624,0.37515979999999977,32.3465,0.685155,840,535
536,0.001273,0.3764327999999998,32.3465,0.685155,840,536
537,0.0012441,0.3776768999999998,32.3465,0.685155,840,537
538,0.0012696,0.3789464999999998,32.3465,0.685155,840,538
539,0.0012158,0.3801622999999998,32.3465,0.684339,839,539
540,0.0012621,0.3814243999999998,32.3465,0.684339,839,540
541,0.0012977,0.3827220999999998,32.3465,0.684339,839,541
542,0.0014571,0.3841791999999998,32.3465,0.684339,839,542
543,0.0014381,0.3856172999999998,32.3465,0.684339,839,543
544,0.0013773,0.3869945999999998,32.3465,0.684339,839,544
545,0.0013049,0.3882994999999998,32.3465,0.684339,839,545
546,0.0013303,0.3896297999999998,32.3465,0.684339,839,546
547,0.0013958,0.3910255999999998,32.3465,0.684339,839,547
548,0.0012609,0.3922864999999998,32.3465,0.684339,839,548
549,0.0012661,0.3935525999999998,32.3465,0.684339,839,549
550,0.0012611,0.3948136999999998,32.3465,0.684339,839,550
551,0.0014128,0.3962264999999998,32.3465,0.683524,838,551
552,0.001369,0.3975954999999998,32.3465,0.683524,838,552
553,0.0012728,0.39886829999999984,32.3465,0.683524,838,553
554,0.001296,0.40016429999999986,32.3465,0.683524,838,554
555,0.0016124,0.4017766999999999,32.3465,0.683524,838,555
556,0.0013608,0.40313749999999987,32.3465,0.683524,838,556
557,0.0013134,0.4044508999999999,32.3465,0.683524,838,557
558,0.0013585,0.4058093999999999,32.3465,0.683524,838,558
559,0.0013803,0.4071896999999999,32.3465,0.683524,838,559
560,0.0012982,0.4084878999999999,32.3465,0.683524,838,560
561,0.0013037,0.4097915999999999,32.3465,0.683524,838,561
562,0.0013789,0.41117049999999994,32.3465,0.683524,838,562
563,0.0013328,0.41250329999999996,32.3465,0.683524,838,563
564,0.0013184,0.41382169999999996,32.3465,0.683524,838,564
565,0.001315,0.41513669999999997,32.3465,0.683524,838,565
566,0.0013728,0.4165095,32.3465,0.682708,837,566
567,0.0015672,0.41807669999999997,32.3465,0.682708,837,567
568,0.0013625,0.41943919999999996,32.3465,0.682708,837,568
569,0.0014008,0.42083999999999994,32.3465,0.682708,837,569
570,0.0013976,0.42223759999999994,32.3465,0.682708,837,570
571,0.0014533,0.4236908999999999,32.3465,0.682708,837,571
572,0.0014094,0.42510029999999993,32.3465,0.682708,837,572
573,0.001316,0.4264162999999999,32.3465,0.682708,837,573
574,0.0013302,0.4277464999999999,32.3465,0.682708,837,574
575,0.001328,0.4290744999999999,32.3465,0.681892,836,575
576,0.0012894,0.4303638999999999,32.3465,0.681892,836,576
577,0.001344,0.4317078999999999,32.3465,0.681892,836,577
578,0.0013984,0.43310629999999994,32.3465,0.681892,836,578
579,0.0015543,0.43466059999999995,32.3465,0.681892,836,579
580,0.0014825,0.43614309999999995,32.3465,0.681892,836,580
581,0.0013757,0.43751879999999993,32.3465,0.681892,836,581
582,0.0014199,0.4389386999999999,32.3465,0.681892,836,582
583,0.0016095,0.4405481999999999,32.3465,0.681892,836,583
584,0.0013858,0.4419339999999999,32.3465,0.681892,836,584
585,0.0013666,0.4433005999999999,32.3465,0.681892,836,585
586,0.0013339,0.4446344999999999,32.3465,0.681077,835,586
587,0.0013277,0.44596219999999986,32.3465,0.681077,835,587
588,0.0013798,0.44734199999999985,32.3465,0.681077,835,588
589,0.001351,0.44869299999999984,32.3465,0.681077,835,589
590,0.0014684,0.4501613999999998,32.3465,0.681077,835,590
591,0.0014712,0.45163259999999983,32.3465,0.680261,834,591
592,0.0014334,0.4530659999999998,32.3465,0.680261,834,592
593,0.0014181,0.4544840999999998,32.3465,0.680261,834,593
594,0.0014258,0.45590989999999976,32.3465,0.680261,834,594
595,0.0014426,0.4573524999999998,32.3465,0.680261,834,595
596,0.0014001,0.4587525999999998,32.3465,0.680261,834,596
597,0.0013696,0.4601221999999998,32.3465,0.680261,834,597
598,0.0014019,0.4615240999999998,32.3465,0.680261,834,598
599,0.0014393,0.4629633999999998,32.3465,0.680261,834,599
600,0.0013968,0.4643601999999998,32.3465,0.680261,834,600
601,0.0014556,0.4658157999999998,32.3465,0.680261,834,601
602,0.0016432,0.4674589999999998,32.3465,0.680261,834,602
603,0.0014163,0.4688752999999998,32.3465,0.680261,834,603
604,0.0014794,0.4703546999999998,32.3465,0.679445,833,604
605,0.0014551,0.4718097999999998,32.3465,0.679445,833,605
606,0.0014045,0.47321429999999975,32.3465,0.679445,833,606
607,0.0013932,0.47460749999999974,32.3465,0.679445,833,607
608,0.0014341,0.47604159999999973,32.3465,0.679445,833,608
609,0.0014265,0.47746809999999973,32.3465,0.679445,833,609
610,0.0014124,0.4788804999999997,32.3465,0.679445,833,610
611,0.0014229,0.4803033999999997,32.3465,0.679445,833,611
612,0.0014897,0.4817930999999997,32.3465,0.679445,833,612
613,0.001656,0.4834490999999997,32.3465,0.679445,833,613
614,0.0017441,0.4851931999999997,32.3465,0.679445,833,614
615,0.0015539,0.4867470999999997,32.3465,0.679445,833,615
616,0.0015459,0.4882929999999997,32.3465,0.67863,832,616
617,0.0015399,0.4898328999999997,32.3465,0.67863,832,617
618,0.0014415,0.49127439999999967,32.3465,0.67863,832,618
619,0.0014285,0.49270289999999967,32.3465,0.67863,832,619
620,0.0014123,0.49411519999999964,32.3465,0.67863,832,620
621,0.0014403,0.49555549999999965,32.3465,0.67863,832,621
622,0.0014555,0.49701099999999965,32.3465,0.67863,832,622
623,0.0014509,0.4984618999999996,32.3465,0.67863,832,623
624,0.0017038,0.5001656999999996,32.3465,0.67863,832,624
625,0.0017251,0.5018907999999996,32.3465,0.67863,832,625
626,0.0015782,0.5034689999999996,32.3465,0.67863,832,626
627,0.0015177,0.5049866999999996,32.3465,0.67863,832,627
628,0.0014928,0.5064794999999995,32.3465,0.677814,831,628
629,0.0014544,0.5079338999999995,32.3465,0.677814,831,629
630,0.0014664,0.5094002999999995,32.3465,0.677814,831,630
631,0.0014932,0.5108934999999994,32.3465,0.677814,831,631
632,0.0014541,0.5123475999999995,32.3465,0.677814,831,632
633,0.0014555,0.5138030999999995,32.3465,0.677814,831,633
634,0.0015389,0.5153419999999995,32.3465,0.677814,831,634
635,0.0017752,0.5171171999999995,32.3465,0.677814,831,635
636,0.0015779,0.5186950999999995,32.3465,0.677814,831,636
637,0.0015678,0.5202628999999995,32.3465,0.676998,830,637
638,0.0016109,0.5218737999999995,32.3465,0.676998,830,638
639,0.0015165,0.5233902999999995,32.3465,0.676998,830,639
640,0.0015269,0.5249171999999995,32.3465,0.676998,830,640
641,0.0014803,0.5263974999999995,32.3465,0.676998,830,641
642,0.0014605,0.5278579999999995,32.3465,0.676998,830,642
643,0.0015674,0.5294253999999995,32.3465,0.676998,830,643
644,0.0015222,0.5309475999999995,32.3465,0.676998,830,644
645,0.0016922,0.5326397999999996,32.3465,0.676998,830,645
646,0.0016389,0.5342786999999996,32.3465,0.676998,830,646
647,0.001574,0.5358526999999995,32.3465,0.676998,830,647
648,0.0015301,0.5373827999999995,32.3465,0.676998,830,648
649,0.0015056,0.5388883999999995,32.3465,0.676998,830,649
650,0.0015315,0.5404198999999995,32.3465,0.676998,830,650
651,0.0014868,0.5419066999999995,32.3465,0.676998,830,651
652,0.0015077,0.5434143999999995,32.3465,0.676998,830,652
653,0.001563,0.5449773999999995,32.3465,0.676998,830,653
654,0.0015305,0.5465078999999995,32.3465,0.676998,830,654
655,0.0015356,0.5480434999999995,32.3465,0.676998,830,655
656,0.0017826,0.5498260999999994,32.3465,0.676183,829,656
657,0.0015862,0.5514122999999994,32.3465,0.676183,829,657
658,0.0015558,0.5529680999999994,32.3465,0.676183,829,658
659,0.0015924,0.5545604999999995,32.3465,0.676183,829,659
660,0.001564,0.5561244999999995,32.3465,0.676183,829,660
661,0.0014912,0.5576156999999995,32.3465,0.676183,829,661
662,0.0016198,0.5592354999999994,32.3465,0.676183,829,662
663,0.0015396,0.5607750999999994,32.3465,0.676183,829,663
664,0.001538,0.5623130999999995,32.3465,0.676183,829,664
665,0.0015291,0.5638421999999994,32.3465,0.676183,829,665
666,0.0017119,0.5655540999999994,32.3465,0.676183,829,666
667,0.0016624,0.5672164999999993,32.3465,0.676183,829,667
668,0.0016178,0.5688342999999993,32.3465,0.675367,828,668
669,0.0016291,0.5704633999999994,32.3465,0.675367,828,669
670,0.0016177,0.5720810999999995,32.3465,0.675367,828,670
671,0.0015424,0.5736234999999995,32.3465,0.675367,828,671
672,0.0015307,0.5751541999999995,32.3465,0.675367,828,672
673,0.0015399,0.5766940999999995,32.3465,0.675367,828,673
674,0.0015729,0.5782669999999995,32.3465,0.675367,828,674
675,0.0015765,0.5798434999999995,32.3465,0.675367,828,675
676,0.0016154,0.5814588999999996,32.3465,0.675367,828,676
677,0.0018041,0.5832629999999995,32.3465,0.675367,828,677
678,0.0016046,0.5848675999999995,32.3465,0.675367,828,678
679,0.0016064,0.5864739999999995,32.3465,0.675367,828,679
680,0.0016446,0.5881185999999995,32.3465,0.674551,827,680
681,0.0017542,0.5898727999999995,32.3465,0.674551,827,681
682,0.0015447,0.5914174999999995,32.3465,0.674551,827,682
683,0.0016003,0.5930177999999995,32.3465,0.674551,827,683
684,0.0015533,0.5945710999999995,32.3465,0.674551,827,684
685,0.0016657,0.5962367999999995,32.3465,0.674551,827,685
686,0.0017244,0.5979611999999994,32.3465,0.674551,827,686
687,0.0018081,0.5997692999999994,32.3465,0.674551,827,687
688,0.0017023,0.6014715999999994,32.3465,0.674551,827,688
689,0.0016357,0.6031072999999995,32.3465,0.674551,827,689
690,0.0016446,0.6047518999999995,32.3465,0.673736,826,690
691,0.0016563,0.6064081999999995,32.3465,0.673736,826,691
692,0.0016286,0.6080367999999995,32.3465,0.673736,826,692
693,0.0016351,0.6096718999999995,32.3465,0.673736,826,693
694,0.0016417,0.6113135999999995,32.3465,0.673736,826,694
695,0.0016554,0.6129689999999994,32.3465,0.673736,826,695
696,0.0016937,0.6146626999999995,32.3465,0.673736,826,696
697,0.0018354,0.6164980999999995,32.3465,0.673736,826,697
698,0.0017299,0.6182279999999994,32.3465,0.673736,826,698
699,0.0017796,0.6200075999999994,32.3465,0.673736,826,699
700,0.0017267,0.6217342999999994,32.3465,0.673736,826,700
701,0.0016719,0.6234061999999994,32.3465,0.673736,826,701
702,0.0016869,0.6250930999999994,32.3465,0.673736,826,702
703,0.0017417,0.6268347999999994,32.3465,0.673736,826,703
704,0.0016575,0.6284922999999993,32.3465,0.673736,826,704
705,0.0016564,0.6301486999999993,32.3465,0.67292,825,705
706,0.001851,0.6319996999999994,32.3465,0.67292,825,706
707,0.0017388,0.6337384999999994,32.3465,0.67292,825,707
708,0.0018136,0.6355520999999994,32.3465,0.67292,825,708
709,0.0017427,0.6372947999999994,32.3465,0.67292,825,709
710,0.0017018,0.6389965999999994,32.3465,0.67292,825,710
711,0.0016781,0.6406746999999994,32.3465,0.67292,825,711
712,0.0017287,0.6424033999999994,32.3465,0.67292,825,712
713,0.0018454,0.6442487999999994,32.3465,0.67292,825,713
714,0.0017792,0.6460279999999994,32.3465,0.67292,825,714
715,0.0019291,0.6479570999999994,32.3465,0.67292,825,715
716,0.0019779,0.6499349999999994,32.3465,0.67292,825,716
717,0.0018269,0.6517618999999993,32.3465,0.67292,825,717
718,0.0018336,0.6535954999999993,32.3465,0.67292,825,718
719,0.0017818,0.6553772999999994,32.3465,0.672104,824,719
720,0.0018644,0.6572416999999994,32.3465,0.672104,824,720
721,0.0018089,0.6590505999999994,32.3465,0.672104,824,721
722,0.0017259,0.6607764999999993,32.3465,0.672104,824,722
723,0.0017134,0.6624898999999993,32.3465,0.672104,824,723
724,0.0018613,0.6643511999999993,32.3465,0.672104,824,724
725,0.0020316,0.6663827999999993,32.3465,0.672104,824,725
726,0.0019537,0.6683364999999992,32.3465,0.672104,824,726
727,0.0017968,0.6701332999999993,32.3465,0.672104,824,727
728,0.0018135,0.6719467999999993,32.3465,0.672104,824,728
729,0.0018722,0.6738189999999993,32.3465,0.672104,824,729
730,0.0017241,0.6755430999999993,32.3465,0.672104,824,730
731,0.0017263,0.6772693999999992,32.3465,0.672104,824,731
732,0.0019094,0.6791787999999992,32.3465,0.672104,824,732
733,0.0018804,0.6810591999999992,32.3465,0.672104,824,733
734,0.0019059,0.6829650999999992,32.3465,0.672104,824,734
735,0.0017725,0.6847375999999992,32.3465,0.672104,824,735
736,0.0018172,0.6865547999999991,32.3465,0.672104,824,736
737,0.0019393,0.6884940999999991,32.3465,0.671289,823,737
738,0.0019618,0.6904558999999991,32.3465,0.671289,823,738
739,0.0017446,0.6922004999999991,32.3465,0.671289,823,739
740,0.0017847,0.6939851999999991,32.3465,0.671289,823,740
741,0.0017735,0.6957586999999991,32.3465,0.671289,823,741
742,0.0018995,0.6976581999999991,32.3465,0.671289,823,742
743,0.0019536,0.6996117999999991,32.3465,0.671289,823,743
744,0.0017846,0.7013963999999991,32.3465,0.671289,823,744
745,0.0019006,0.7032969999999992,32.3465,0.671289,823,745
746,0.0079635,0.7112604999999992,32.3465,0.671289,823,746
747,0.0027566,0.7140170999999992,32.3465,0.671289,823,747
748,0.0029204,0.7169374999999992,32.3465,0.671289,823,748
749,0.002617,0.7195544999999992,32.3465,0.671289,823,749
750,0.0027429,0.7222973999999992,32.3465,0.671289,823,750
751,0.002591,0.7248883999999992,32.3465,0.671289,823,751
752,0.0026339,0.7275222999999992,32.3465,0.671289,823,752
753,0.0027913,0.7303135999999992,32.3465,0.671289,823,753
754,0.0030357,0.7333492999999992,32.3465,0.671289,823,754
755,0.0026326,0.7359818999999992,32.3465,0.671289,823,755
756,0.0022178,0.7381996999999992,32.3465,0.670473,822,756
757,0.0025749,0.7407745999999993,32.3465,0.670473,822,757
758,0.0023635,0.7431380999999992,32.3465,0.670473,822,758
759,0.0026034,0.7457414999999993,32.3465,0.670473,822,759
760,0.0028233,0.7485647999999993,32.3465,0.670473,822,760
761,0.0024221,0.7509868999999992,32.3465,0.670473,822,761
762,0.0026793,0.7536661999999993,32.3465,0.670473,822,762
763,0.0026124,0.7562785999999992,32.3465,0.670473,822,763
764,0.002602,0.7588805999999992,32.3465,0.670473,822,764
765,0.00224,0.7611205999999993,32.3465,0.670473,822,765
766,0.0018892,0.7630097999999993,32.3465,0.670473,822,766
767,0.0020041,0.7650138999999992,32.3465,0.670473,822,767
768,0.0020236,0.7670374999999993,32.3465,0.670473,822,768
769,0.002004,0.7690414999999993,32.3465,0.670473,822,769
770,0.0018298,0.7708712999999993,32.3465,0.670473,822,770
771,0.0021383,0.7730095999999993,32.3465,0.670473,822,771
772,0.002363,0.7753725999999993,32.3465,0.670473,822,772
773,0.0023961,0.7777686999999993,32.3465,0.670473,822,773
774,0.0025481,0.7803167999999994,32.3465,0.670473,822,774
775,0.0025709,0.7828876999999994,32.3465,0.669657,821,775
776,0.0019648,0.7848524999999994,32.3465,0.669657,821,776
777,0.0018772,0.7867296999999994,32.3465,0.669657,821,777
778,0.00198,0.7887096999999994,32.3465,0.669657,821,778
779,0.0022167,0.7909263999999994,32.3465,0.669657,821,779
780,0.0021354,0.7930617999999994,32.3465,0.669657,821,780
781,0.0019998,0.7950615999999994,32.3465,0.669657,821,781
782,0.0022133,0.7972748999999993,32.3465,0.669657,821,782
783,0.0020694,0.7993442999999993,32.3465,0.669657,821,783
784,0.0019773,0.8013215999999993,32.3465,0.669657,821,784
785,0.0019179,0.8032394999999993,32.3465,0.669657,821,785
786,0.0019531,0.8051925999999994,32.3465,0.669657,821,786
787,0.0017965,0.8069890999999993,32.3465,0.669657,821,787
788,0.0018046,0.8087936999999994,32.3465,0.669657,821,788
789,0.0018067,0.8106003999999994,32.3465,0.669657,821,789
790,0.0017943,0.8123946999999995,32.3465,0.669657,821,790
791,0.002109,0.8145036999999995,32.3465,0.669657,821,791
792,0.0018996,0.8164032999999995,32.3465,0.669657,821,792
793,0.0019263,0.8183295999999995,32.3465,0.669657,821,793
794,0.0019033,0.8202328999999996,32.3465,0.668842,820,794
795,0.0018385,0.8220713999999996,32.3465,0.668842,820,795
796,0.001821,0.8238923999999995,32.3465,0.668842,820,796
797,0.0018847,0.8257770999999995,32.3465,0.668842,820,797
798,0.0018291,0.8276061999999995,32.3465,0.668842,820,798
799,0.0019917,0.8295978999999996,32.3465,0.668842,820,799
800,0.0020404,0.8316382999999996,32.3465,0.668842,820,800
801,0.0018835,0.8335217999999996,32.3465,0.668842,820,801
802,0.0019605,0.8354822999999997,32.3465,0.668842,820,802
803,0.001889,0.8373712999999997,32.3465,0.668842,820,803
804,0.0019327,0.8393039999999997,32.3465,0.668842,820,804
805,0.0018475,0.8411514999999997,32.3465,0.668842,820,805
806,0.0018554,0.8430068999999997,32.3465,0.668842,820,806
807,0.0018817,0.8448885999999997,32.3465,0.668842,820,807
808,0.0021247,0.8470132999999996,32.3465,0.668026,819,808
809,0.001964,0.8489772999999996,32.3465,0.668026,819,809
810,0.0019316,0.8509088999999996,32.3465,0.668026,819,810
811,0.0019478,0.8528566999999997,32.3465,0.668026,819,811
812,0.0018794,0.8547360999999997,32.3465,0.668026,819,812
813,0.0019788,0.8567148999999996,32.3465,0.668026,819,813
814,0.0019301,0.8586449999999997,32.3465,0.668026,819,814
815,0.0018488,0.8604937999999996,32.3465,0.668026,819,815
816,0.002015,0.8625087999999996,32.3465,0.668026,819,816
817,0.0020702,0.8645789999999997,32.3465,0.668026,819,817
818,0.001972,0.8665509999999996,32.3465,0.668026,819,818
819,0.0020521,0.8686030999999996,32.3465,0.668026,819,819
820,0.001989,0.8705920999999996,32.3465,0.668026,819,820
821,0.0019891,0.8725811999999996,32.3465,0.668026,819,821
822,0.0019762,0.8745573999999996,32.3465,0.668026,819,822
823,0.0019631,0.8765204999999996,32.3465,0.668026,819,823
824,0.0020767,0.8785971999999996,32.3465,0.668026,819,824
825,0.0022903,0.8808874999999996,32.3465,0.668026,819,825
826,0.0021034,0.8829908999999996,32.3465,0.668026,819,826
827,0.0022639,0.8852547999999996,32.3465,0.668026,819,827
828,0.0020381,0.8872928999999996,32.3465,0.668026,819,828
829,0.0019117,0.8892045999999996,32.3465,0.668026,819,829
830,0.0019413,0.8911458999999996,32.3465,0.66721,818,830
831,0.0019961,0.8931419999999995,32.3465,0.66721,818,831
832,0.001987,0.8951289999999995,32.3465,0.66721,818,832
833,0.0021791,0.8973080999999995,32.3465,0.66721,818,833
834,0.001927,0.8992350999999995,32.3465,0.66721,818,834
835,0.0019895,0.9012245999999995,32.3465,0.66721,818,835
836,0.0019368,0.9031613999999994,32.3465,0.66721,818,836
837,0.0019244,0.9050857999999995,32.3465,0.66721,818,837
838,0.0019826,0.9070683999999994,32.3465,0.66721,818,838
839,0.0019355,0.9090038999999994,32.3465,0.66721,818,839
840,0.0020295,0.9110333999999994,32.3465,0.66721,818,840
841,0.0021816,0.9132149999999994,32.3465,0.66721,818,841
842,0.0020058,0.9152207999999994,32.3465,0.66721,818,842
843,0.002025,0.9172457999999994,32.3465,0.66721,818,843
844,0.0020208,0.9192665999999995,32.3465,0.666395,817,844
845,0.0019739,0.9212404999999995,32.3465,0.666395,817,845
846,0.0020216,0.9232620999999994,32.3465,0.666395,817,846
847,0.0019189,0.9251809999999994,32.3465,0.666395,817,847
848,0.0019304,0.9271113999999994,32.3465,0.666395,817,848
849,0.0021644,0.9292757999999993,32.3465,0.666395,817,849
850,0.0020097,0.9312854999999993,32.3465,0.666395,817,850
851,0.0019792,0.9332646999999993,32.3465,0.666395,817,851
852,0.0019992,0.9352638999999993,32.3465,0.666395,817,852
853,0.0019375,0.9372013999999993,32.3465,0.666395,817,853
854,0.0019728,0.9391741999999993,32.3465,0.666395,817,854
855,0.0019742,0.9411483999999993,32.3465,0.666395,817,855
856,0.0019638,0.9431121999999993,32.3465,0.666395,817,856
857,0.0021349,0.9452470999999993,32.3465,0.666395,817,857
858,0.0021447,0.9473917999999993,32.3465,0.666395,817,858
859,0.0020327,0.9494244999999993,32.3465,0.666395,817,859
860,0.0020159,0.9514403999999993,32.3465,0.666395,817,860
861,0.0020452,0.9534855999999993,32.3465,0.666395,817,861
862,0.002,0.9554855999999993,32.3465,0.665579,816,862
863,0.002005,0.9574905999999993,32.3465,0.665579,816,863
864,0.0020425,0.9595330999999993,32.3465,0.665579,816,864
865,0.0020757,0.9616087999999993,32.3465,0.665579,816,865
866,0.0021397,0.9637484999999992,32.3465,0.665579,816,866
867,0.002105,0.9658534999999993,32.3465,0.665579,816,867
868,0.002137,0.9679904999999993,32.3465,0.665579,816,868
869,0.0021027,0.9700931999999993,32.3465,0.665579,816,869
870,0.002004,0.9720971999999993,32.3465,0.665579,816,870
871,0.0020515,0.9741486999999993,32.3465,0.665579,816,871
872,0.0020515,0.9762001999999993,32.3465,0.665579,816,872
873,0.0022095,0.9784096999999993,32.3465,0.665579,816,873
874,0.0020814,0.9804910999999993,32.3465,0.665579,816,874
875,0.0021217,0.9826127999999993,32.3465,0.665579,816,875
876,0.0021051,0.9847178999999993,32.3465,0.665579,816,876
877,0.0020575,0.9867753999999993,32.3465,0.665579,816,877
878,0.0020772,0.9888525999999993,32.3465,0.665579,816,878
879,0.0020621,0.9909146999999993,32.3465,0.665579,816,879
880,0.0020565,0.9929711999999993,32.3465,0.664763,815,880
881,0.0021942,0.9951653999999993,32.3465,0.664763,815,881
882,0.0020912,0.9972565999999993,32.3465,0.664763,815,882
883,0.0021403,0.9993968999999993,32.3465,0.664763,815,883
884,0.0022652,1.0016620999999992,32.3465,0.664763,815,884
885,0.0021162,1.0037782999999991,32.3465,0.664763,815,885
886,0.002145,1.0059232999999992,32.3465,0.664763,815,886
887,0.0020688,1.0079920999999992,32.3465,0.664763,815,887
888,0.0020592,1.010051299999999,32.3465,0.664763,815,888
889,0.0022986,1.0123498999999991,32.3465,0.664763,815,889
890,0.002114,1.014463899999999,32.3465,0.664763,815,890
891,0.0021268,1.0165906999999992,32.3465,0.664763,815,891
892,0.002165,1.0187556999999992,32.3465,0.663948,814,892
893,0.002045,1.0208006999999992,32.3465,0.663948,814,893
894,0.0020437,1.0228443999999992,32.3465,0.663948,814,894
895,0.0021007,1.0249450999999992,32.3465,0.663948,814,895
896,0.0021651,1.0271101999999992,32.3465,0.663948,814,896
897,0.0022454,1.0293555999999993,32.3465,0.663948,814,897
898,0.0021708,1.0315263999999993,32.3465,0.663948,814,898
899,0.0021451,1.0336714999999992,32.3465,0.663948,814,899
900,0.0021122,1.0357836999999992,32.3465,0.663948,814,900
901,0.0021585,1.0379421999999991,32.3465,0.663948,814,901
902,0.0021307,1.040072899999999,32.3465,0.663948,814,902
903,0.0021488,1.0422216999999991,32.3465,0.663948,814,903
904,0.002249,1.044470699999999,32.3465,0.663948,814,904
905,0.0023912,1.046861899999999,32.3465,0.663948,814,905
906,0.0022531,1.049114999999999,32.3465,0.663948,814,906
907,0.0022089,1.051323899999999,32.3465,0.663948,814,907
908,0.002118,1.053441899999999,32.3465,0.663948,814,908
909,0.002126,1.0555678999999991,32.3465,0.663948,814,909
910,0.002176,1.057743899999999,32.3465,0.663948,814,910
911,0.0021671,1.0599109999999992,32.3465,0.663948,814,911
912,0.0022841,1.0621950999999992,32.3465,0.663948,814,912
913,0.0022267,1.0644217999999992,32.3465,0.663948,814,913
914,0.0022125,1.0666342999999991,32.3465,0.663948,814,914
915,0.0021045,1.068738799999999,32.3465,0.663948,814,915
916,0.0021775,1.070916299999999,32.3465,0.663948,814,916
917,0.0021907,1.0731069999999991,32.3465,0.663132,813,917
918,0.0021664,1.075273399999999,32.3465,0.663132,813,918
919,0.0022507,1.077524099999999,32.3465,0.663132,813,919
920,0.0022026,1.079726699999999,32.3465,0.663132,813,920
921,0.0021669,1.081893599999999,32.3465,0.663132,813,921
922,0.0021736,1.0840671999999991,32.3465,0.663132,813,922
923,0.0021737,1.086240899999999,32.3465,0.663132,813,923
924,0.0021417,1.088382599999999,32.3465,0.663132,813,924
925,0.0020783,1.090460899999999,32.3465,0.663132,813,925
926,0.0071806,1.097641499999999,32.3465,0.663132,813,926
927,0.0023497,1.099991199999999,32.3465,0.663132,813,927
928,0.0022555,1.102246699999999,32.3465,0.663132,813,928
929,0.0022119,1.104458599999999,32.3465,0.663132,813,929
930,0.002168,1.106626599999999,32.3465,0.662316,812,930
931,0.0021752,1.1088017999999988,32.3465,0.662316,812,931
932,0.0022667,1.111068499999999,32.3465,0.662316,812,932
933,0.0022547,1.1133231999999988,32.3465,0.662316,812,933
934,0.0022444,1.1155675999999988,32.3465,0.662316,812,934
935,0.0022008,1.1177683999999988,32.3465,0.662316,812,935
936,0.002203,1.1199713999999987,32.3465,0.662316,812,936
937,0.0022308,1.1222021999999987,32.3465,0.662316,812,937
938,0.0022257,1.1244278999999988,32.3465,0.662316,812,938
939,0.0022414,1.1266692999999988,32.3465,0.662316,812,939
940,0.0023602,1.1290294999999988,32.3465,0.662316,812,940
941,0.002257,1.1312864999999988,32.3465,0.662316,812,941
942,0.0023023,1.1335887999999987,32.3465,0.662316,812,942
943,0.0022076,1.1357963999999987,32.3465,0.662316,812,943
944,0.0021857,1.1379820999999988,32.3465,0.662316,812,944
945,0.0021665,1.1401485999999987,32.3465,0.662316,812,945
946,0.0021675,1.1423160999999988,32.3465,0.662316,812,946
947,0.002349,1.1446650999999988,32.3465,0.662316,812,947
948,0.00225,1.1469150999999989,32.3465,0.662316,812,948
949,0.0022674,1.1491824999999989,32.3465,0.662316,812,949
950,0.0021982,1.151380699999999,32.3465,0.662316,812,950
951,0.0022776,1.153658299999999,32.3465,0.662316,812,951
952,0.0022458,1.155904099999999,32.3465,0.662316,812,952
953,0.0022498,1.158153899999999,32.3465,0.661501,811,953
954,0.0023964,1.160550299999999,32.3465,0.661501,811,954
955,0.0023633,1.162913599999999,32.3465,0.661501,811,955
956,0.0023631,1.165276699999999,32.3465,0.661501,811,956
957,0.0022106,1.167487299999999,32.3465,0.661501,811,957
958,0.0021841,1.169671399999999,32.3465,0.661501,811,958
959,0.0022315,1.171902899999999,32.3465,0.661501,811,959
960,0.0022273,1.174130199999999,32.3465,0.661501,811,960
961,0.002347,1.176477199999999,32.3465,0.661501,811,961
962,0.0023623,1.178839499999999,32.3465,0.661501,811,962
963,0.0023614,1.181200899999999,32.3465,0.661501,811,963
964,0.0023128,1.183513699999999,32.3465,0.661501,811,964
965,0.0022896,1.1858032999999988,32.3465,0.661501,811,965
966,0.0022977,1.1881009999999987,32.3465,0.661501,811,966
967,0.0022906,1.1903915999999988,32.3465,0.660685,810,967
968,0.002241,1.1926325999999987,32.3465,0.660685,810,968
969,0.0023948,1.1950273999999987,32.3465,0.660685,810,969
970,0.0023766,1.1974039999999988,32.3465,0.660685,810,970
971,0.0023211,1.1997250999999989,32.3465,0.660685,810,971
972,0.0022161,1.201941199999999,32.3465,0.660685,810,972
973,0.0022176,1.204158799999999,32.3465,0.660685,810,973
974,0.0022248,1.206383599999999,32.3465,0.660685,810,974
975,0.0022573,1.208640899999999,32.3465,0.660685,810,975
976,0.0025095,1.2111503999999989,32.3465,0.660685,810,976
977,0.0024129,1.2135632999999988,32.3465,0.660685,810,977
978,0.0023805,1.2159437999999987,32.3465,0.660685,810,978
979,0.0022677,1.2182114999999987,32.3465,0.659869,809,979
980,0.0023574,1.2205688999999986,32.3465,0.659869,809,980
981,0.0022612,1.2228300999999986,32.3465,0.659869,809,981
982,0.0022616,1.2250916999999986,32.3465,0.659869,809,982
983,0.0025467,1.2276383999999985,32.3465,0.659869,809,983
984,0.002312,1.2299503999999986,32.3465,0.659869,809,984
985,0.0023642,1.2323145999999985,32.3465,0.659869,809,985
986,0.0022952,1.2346097999999985,32.3465,0.659869,809,986
987,0.0022672,1.2368769999999984,32.3465,0.659869,809,987
988,0.0022493,1.2391262999999983,32.3465,0.659869,809,988
989,0.0022804,1.2414066999999984,32.3465,0.659869,809,989
990,0.0024868,1.2438934999999984,32.3465,0.659869,809,990
991,0.002387,1.2462804999999983,32.3465,0.659869,809,991
992,0.0024222,1.2487026999999984,32.3465,0.659869,809,992
993,0.00234,1.2510426999999984,32.3465,0.659869,809,993
994,0.0023082,1.2533508999999985,32.3465,0.659869,809,994
995,0.0022933,1.2556441999999985,32.3465,0.659869,809,995
996,0.0023497,1.2579938999999984,32.3465,0.659869,809,996
997,0.0025309,1.2605247999999984,32.3465,0.659869,809,997
998,0.0023484,1.2628731999999985,32.3465,0.659869,809,998
999,0.002518,1.2653911999999985,32.3465,0.659054,808,999
1000,0.0023461,1.2677372999999985,32.3465,0.659054,808,1000
1001,0.0022848,1.2700220999999985,32.3465,0.659054,808,1001
1002,0.0023006,1.2723226999999986,32.3465,0.659054,808,1002
1003,0.0023653,1.2746879999999985,32.3465,0.659054,808,1003
1004,0.0025835,1.2772714999999986,32.3465,0.659054,808,1004
1005,0.0024004,1.2796718999999985,32.3465,0.659054,808,1005
1006,0.0025056,1.2821774999999986,32.3465,0.659054,808,1006
1007,0.0023483,1.2845257999999986,32.3465,0.659054,808,1007
1008,0.0024166,1.2869423999999987,32.3465,0.659054,808,1008
1009,0.0023257,1.2892680999999988,32.3465,0.659054,808,1009
1010,0.0023678,1.2916358999999988,32.3465,0.659054,808,1010
1011,0.0026053,1.2942411999999988,32.3465,0.659054,808,1011
1012,0.0024483,1.2966894999999987,32.3465,0.659054,808,1012
1013,0.0023599,1.2990493999999988,32.3465,0.659054,808,1013
1014,0.0023309,1.3013802999999988,32.3465,0.659054,808,1014
1015,0.0023681,1.3037483999999988,32.3465,0.659054,808,1015
1016,0.0023687,1.3061170999999987,32.3465,0.659054,808,1016
1017,0.0023499,1.3084669999999987,32.3465,0.659054,808,1017
1018,0.0024839,1.3109508999999988,32.3465,0.659054,808,1018
1019,0.0024367,1.3133875999999989,32.3465,0.659054,808,1019
1020,0.0023839,1.315771499999999,32.3465,0.659054,808,1020
1021,0.002374,1.318145499999999,32.3465,0.658238,807,1021
1022,0.0023911,1.3205365999999992,32.3465,0.658238,807,1022
1023,0.0023217,1.3228582999999992,32.3465,0.658238,807,1023
1024,0.0024028,1.3252610999999992,32.3465,0.658238,807,1024
1025,0.0025256,1.3277866999999992,32.3465,0.658238,807,1025
1026,0.0024828,1.330269499999999,32.3465,0.658238,807,1026
1027,0.0024324,1.332701899999999,32.3465,0.658238,807,1027
1028,0.002392,1.335093899999999,32.3465,0.658238,807,1028
1029,0.0023646,1.337458499999999,32.3465,0.658238,807,1029
1030,0.0023514,1.339809899999999,32.3465,0.658238,807,1030
1031,0.0025479,1.342357799999999,32.3465,0.658238,807,1031
1032,0.0024745,1.3448322999999989,32.3465,0.658238,807,1032
1033,0.0025001,1.3473323999999989,32.3465,0.658238,807,1033
1034,0.0024099,1.3497422999999988,32.3465,0.658238,807,1034
1035,0.0024662,1.3522084999999988,32.3465,0.658238,807,1035
1036,0.0024339,1.3546423999999988,32.3465,0.658238,807,1036
1037,0.0023836,1.3570259999999987,32.3465,0.658238,807,1037
1038,0.0025831,1.3596090999999988,32.3465,0.658238,807,1038
1039,0.002522,1.3621310999999987,32.3465,0.658238,807,1039
1040,0.0025491,1.3646801999999987,32.3465,0.658238,807,1040
1041,0.0024322,1.3671123999999988,32.3465,0.658238,807,1041
1042,0.0023995,1.369511899999999,32.3465,0.658238,807,1042
1043,0.0023937,1.371905599999999,32.3465,0.658238,807,1043
1044,0.0024326,1.3743381999999988,32.3465,0.658238,807,1044
1045,0.0026964,1.3770345999999989,32.3465,0.657423,806,1045
1046,0.0025087,1.3795432999999988,32.3465,0.657423,806,1046
1047,0.0024299,1.381973199999999,32.3465,0.657423,806,1047
1048,0.0023837,1.384356899999999,32.3465,0.657423,806,1048
1049,0.0024256,1.386782499999999,32.3465,0.657423,806,1049
1050,0.0024124,1.389194899999999,32.3465,0.657423,806,1050
1051,0.002546,1.391740899999999,32.3465,0.657423,806,1051
1052,0.0025371,1.394277999999999,32.3465,0.657423,806,1052
1053,0.0025114,1.396789399999999,32.3465,0.657423,806,1053
1054,0.0024889,1.3992782999999989,32.3465,0.657423,806,1054
1055,0.0024776,1.4017558999999988,32.3465,0.657423,806,1055
1056,0.0024654,1.4042212999999988,32.3465,0.657423,806,1056
1057,0.0024885,1.4067097999999987,32.3465,0.657423,806,1057
1058,0.0026678,1.4093775999999987,32.3465,0.657423,806,1058
1059,0.0025902,1.4119677999999987,32.3465,0.657423,806,1059
1060,0.0027066,1.4146743999999987,32.3465,0.657423,806,1060
1061,0.0024844,1.4171587999999986,32.3465,0.657423,806,1061
1062,0.0024711,1.4196298999999986,32.3465,0.657423,806,1062
1063,0.0025582,1.4221880999999985,32.3465,0.657423,806,1063
1064,0.0026846,1.4248726999999985,32.3465,0.657423,806,1064
1065,0.0026887,1.4275613999999985,32.3465,0.657423,806,1065
1066,0.0025567,1.4301180999999985,32.3465,0.657423,806,1066
1067,0.0026042,1.4327222999999984,32.3465,0.657423,806,1067
1068,0.0025672,1.4352894999999986,32.3465,0.657423,806,1068
1069,0.0025472,1.4378366999999985,32.3465,0.657423,806,1069
1070,0.002546,1.4403826999999985,32.3465,0.657423,806,1070
1071,0.0028397,1.4432223999999985,32.3465,0.657423,806,1071
1072,0.0026469,1.4458692999999985,32.3465,0.657423,806,1072
1073,0.0027101,1.4485793999999985,32.3465,0.656607,805,1073
1074,0.0025758,1.4511551999999985,32.3465,0.656607,805,1074
1075,0.0026682,1.4538233999999985,32.3465,0.656607,805,1075
1076,0.0026994,1.4565227999999986,32.3465,0.656607,805,1076
1077,0.0027744,1.4592971999999986,32.3465,0.656607,805,1077
1078,0.0026616,1.4619587999999986,32.3465,0.656607,805,1078
1079,0.0025935,1.4645522999999985,32.3465,0.656607,805,1079
1080,0.0026175,1.4671697999999984,32.3465,0.656607,805,1080
1081,0.0026479,1.4698176999999983,32.3465,0.656607,805,1081
1082,0.0025008,1.4723184999999983,32.3465,0.656607,805,1082
1083,0.0027674,1.4750858999999983,32.3465,0.656607,805,1083
1084,0.0028838,1.4779696999999983,32.3465,0.656607,805,1084
1085,0.0027058,1.4806754999999983,32.3465,0.656607,805,1085
1086,0.002603,1.4832784999999982,32.3465,0.656607,805,1086
1087,0.0028034,1.486081899999998,32.3465,0.656607,805,1087
1088,0.0025181,1.4885999999999981,32.3465,0.656607,805,1088
1089,0.0029032,1.4915031999999981,32.3465,0.656607,805,1089
1090,0.0026757,1.494178899999998,32.3465,0.656607,805,1090
1091,0.0029231,1.4971019999999982,32.3465,0.656607,805,1091
1092,0.0026718,1.499773799999998,32.3465,0.655791,804,1092
1093,0.0028459,1.5026196999999981,32.3465,0.655791,804,1093
1094,0.0025364,1.5051560999999982,32.3465,0.655791,804,1094
1095,0.0027644,1.5079204999999982,32.3465,0.655791,804,1095
1096,0.0027052,1.5106256999999983,32.3465,0.655791,804,1096
1097,0.0027667,1.5133923999999983,32.3465,0.655791,804,1097
1098,0.0027458,1.5161381999999983,32.3465,0.655791,804,1098
1099,0.0026372,1.5187753999999982,32.3465,0.655791,804,1099
1100,0.0025506,1.5213259999999982,32.3465,0.655791,804,1100
1101,0.0026132,1.5239391999999983,32.3465,0.655791,804,1101
1102,0.0027728,1.5267119999999983,32.3465,0.655791,804,1102
1103,0.0027068,1.5294187999999982,32.3465,0.655791,804,1103
1104,0.0027077,1.5321264999999982,32.3465,0.655791,804,1104
1105,0.0025988,1.534725299999998,32.3465,0.655791,804,1105
1106,0.002708,1.537433299999998,32.3465,0.655791,804,1106
1107,0.0027382,1.540171499999998,32.3465,0.655791,804,1107
1108,0.0029,1.543071499999998,32.3465,0.655791,804,1108
1109,0.0028351,1.545906599999998,32.3465,0.654976,803,1109
1110,0.0027173,1.548623899999998,32.3465,0.654976,803,1110
1111,0.0026846,1.551308499999998,32.3465,0.654976,803,1111
1112,0.0027102,1.554018699999998,32.3465,0.654976,803,1112
1113,0.002684,1.556702699999998,32.3465,0.654976,803,1113
1114,0.0028049,1.559507599999998,32.3465,0.654976,803,1114
1115,0.0027264,1.5622339999999981,32.3465,0.654976,803,1115
1116,0.0027465,1.564980499999998,32.3465,0.654976,803,1116
1117,0.0026533,1.567633799999998,32.3465,0.654976,803,1117
1118,0.0026067,1.5702404999999982,32.3465,0.654976,803,1118
1119,0.0027145,1.572954999999998,32.3465,0.654976,803,1119
1120,0.0029467,1.5759016999999982,32.3465,0.654976,803,1120
1121,0.0027289,1.578630599999998,32.3465,0.654976,803,1121
1122,0.0027146,1.5813451999999981,32.3465,0.654976,803,1122
1123,0.0026254,1.583970599999998,32.3465,0.654976,803,1123
1124,0.0026857,1.586656299999998,32.3465,0.654976,803,1124
1125,0.0027551,1.589411399999998,32.3465,0.654976,803,1125
1126,0.0029897,1.592401099999998,32.3465,0.654976,803,1126
1127,0.0027389,1.595139999999998,32.3465,0.654976,803,1127
1128,0.0028407,1.597980699999998,32.3465,0.654976,803,1128
1129,0.0027374,1.600718099999998,32.3465,0.65416,802,1129
1130,0.0027162,1.603434299999998,32.3465,0.65416,802,1130
1131,0.0027941,1.606228399999998,32.3465,0.65416,802,1131
1132,0.0030125,1.609240899999998,32.3465,0.65416,802,1132
1133,0.0027937,1.612034599999998,32.3465,0.65416,802,1133
1134,0.0027969,1.6148314999999982,32.3465,0.65416,802,1134
1135,0.0027554,1.6175868999999983,32.3465,0.65416,802,1135
1136,0.0026364,1.6202232999999984,32.3465,0.65416,802,1136
1137,0.0028122,1.6230354999999983,32.3465,0.65416,802,1137
1138,0.0029845,1.6260199999999982,32.3465,0.65416,802,1138
1139,0.002763,1.6287829999999983,32.3465,0.65416,802,1139
1140,0.0027755,1.6315584999999984,32.3465,0.65416,802,1140
1141,0.0027046,1.6342630999999983,32.3465,0.65416,802,1141
1142,0.0027272,1.6369902999999983,32.3465,0.65416,802,1142
1143,0.0027905,1.6397807999999983,32.3465,0.65416,802,1143
1144,0.0028444,1.6426251999999983,32.3465,0.65416,802,1144
1145,0.0028115,1.6454366999999983,32.3465,0.65416,802,1145
1146,0.0028034,1.6482400999999982,32.3465,0.65416,802,1146
1147,0.0027281,1.650968199999998,32.3465,0.653344,801,1147
1148,0.0026421,1.6536102999999982,32.3465,0.653344,801,1148
1149,0.0027717,1.6563819999999982,32.3465,0.653344,801,1149
1150,0.0029501,1.6593320999999983,32.3465,0.653344,801,1150
1151,0.0028839,1.6622159999999984,32.3465,0.653344,801,1151
1152,0.0027167,1.6649326999999983,32.3465,0.653344,801,1152
1153,0.0027349,1.6676675999999984,32.3465,0.653344,801,1153
1154,0.0027271,1.6703946999999983,32.3465,0.653344,801,1154
1155,0.002891,1.6732856999999983,32.3465,0.653344,801,1155
1156,0.002784,1.6760696999999982,32.3465,0.653344,801,1156
1157,0.0027484,1.6788180999999982,32.3465,0.653344,801,1157
1158,0.002734,1.6815520999999982,32.3465,0.653344,801,1158
1159,0.0027177,1.6842697999999983,32.3465,0.653344,801,1159
1160,0.0027615,1.6870312999999983,32.3465,0.652529,800,1160
1161,0.0028722,1.6899034999999984,32.3465,0.652529,800,1161
1162,0.0028576,1.6927610999999985,32.3465,0.652529,800,1162
1163,0.0028006,1.6955616999999985,32.3465,0.652529,800,1163
1164,0.0027639,1.6983255999999984,32.3465,0.652529,800,1164
1165,0.0027289,1.7010544999999984,32.3465,0.652529,800,1165
1166,0.0027326,1.7037870999999984,32.3465,0.652529,800,1166
1167,0.0029229,1.7067099999999984,32.3465,0.652529,800,1167
1168,0.0028393,1.7095492999999984,32.3465,0.652529,800,1168
1169,0.0029099,1.7124591999999983,32.3465,0.652529,800,1169
1170,0.0027777,1.7152368999999983,32.3465,0.652529,800,1170
1171,0.0027409,1.7179777999999983,32.3465,0.652529,800,1171
1172,0.002736,1.7207137999999984,32.3465,0.652529,800,1172
1173,0.0029011,1.7236148999999985,32.3465,0.652529,800,1173
1174,0.0028317,1.7264465999999985,32.3465,0.652529,800,1174
1175,0.0029736,1.7294201999999985,32.3465,0.651713,799,1175
1176,0.0026776,1.7320977999999985,32.3465,0.651713,799,1176
1177,0.0026962,1.7347939999999984,32.3465,0.651713,799,1177
1178,0.00262,1.7374139999999985,32.3465,0.651713,799,1178
1179,0.0029034,1.7403173999999983,32.3465,0.651713,799,1179
1180,0.0027839,1.7431012999999984,32.3465,0.651713,799,1180
1181,0.0027963,1.7458975999999984,32.3465,0.651713,799,1181
1182,0.0027035,1.7486010999999984,32.3465,0.651713,799,1182
1183,0.0027535,1.7513545999999984,32.3465,0.651713,799,1183
1184,0.0026845,1.7540390999999984,32.3465,0.651713,799,1184
1185,0.0028936,1.7569326999999983,32.3465,0.651713,799,1185
1186,0.0028186,1.7597512999999982,32.3465,0.651713,799,1186
1187,0.0028698,1.7626210999999983,32.3465,0.651713,799,1187
1188,0.0027109,1.7653319999999983,32.3465,0.651713,799,1188
1189,0.0027753,1.7681072999999983,32.3465,0.651713,799,1189
1190,0.0027376,1.7708448999999982,32.3465,0.651713,799,1190
1191,0.0029185,1.7737633999999982,32.3465,0.651713,799,1191
1192,0.0028854,1.7766487999999983,32.3465,0.651713,799,1192
1193,0.002813,1.7794617999999982,32.3465,0.651713,799,1193
1194,0.0029193,1.7823810999999983,32.3465,0.651713,799,1194
1195,0.0027376,1.7851186999999982,32.3465,0.651713,799,1195
1196,0.0027447,1.7878633999999982,32.3465,0.651713,799,1196
1197,0.0029657,1.7908290999999983,32.3465,0.651713,799,1197
1198,0.0030212,1.7938502999999983,32.3465,0.651713,799,1198
1199,0.0028014,1.7966516999999984,32.3465,0.651713,799,1199
1200,0.002771,1.7994226999999985,32.3465,0.651713,799,1200
1201,0.0029547,1.8023773999999986,32.3465,0.650897,798,1201
1202,0.0028496,1.8052269999999986,32.3465,0.650897,798,1202
1203,0.0029245,1.8081514999999986,32.3465,0.650897,798,1203
1204,0.002988,1.8111394999999986,32.3465,0.650897,798,1204
1205,0.0030432,1.8141826999999986,32.3465,0.650897,798,1205
1206,0.0029653,1.8171479999999987,32.3465,0.650897,798,1206
1207,0.0028732,1.8200211999999987,32.3465,0.650897,798,1207
1208,0.0030867,1.8231078999999988,32.3465,0.650897,798,1208
1209,0.0029287,1.8260365999999988,32.3465,0.650897,798,1209
1210,0.0028769,1.8289134999999987,32.3465,0.650897,798,1210
1211,0.0028555,1.8317689999999986,32.3465,0.650897,798,1211
1212,0.0027575,1.8345264999999986,32.3465,0.650897,798,1212
1213,0.0027946,1.8373210999999987,32.3465,0.650897,798,1213
1214,0.0030128,1.8403338999999987,32.3465,0.650897,798,1214
1215,0.0028682,1.8432020999999987,32.3465,0.650897,798,1215
1216,0.0029156,1.8461176999999986,32.3465,0.650897,798,1216
1217,0.0028261,1.8489437999999987,32.3465,0.650082,797,1217
1218,0.0027928,1.8517365999999986,32.3465,0.650082,797,1218
1219,0.0028186,1.8545551999999985,32.3465,0.650082,797,1219
1220,0.0030583,1.8576134999999985,32.3465,0.650082,797,1220
1221,0.0028699,1.8604833999999986,32.3465,0.650082,797,1221
1222,0.0029571,1.8634404999999985,32.3465,0.650082,797,1222
1223,0.0028794,1.8663198999999986,32.3465,0.650082,797,1223
1224,0.002897,1.8692168999999985,32.3465,0.650082,797,1224
1225,0.003108,1.8723248999999986,32.3465,0.650082,797,1225
1226,0.0029604,1.8752852999999987,32.3465,0.650082,797,1226
1227,0.0030714,1.8783566999999988,32.3465,0.650082,797,1227
1228,0.0029365,1.8812931999999987,32.3465,0.650082,797,1228
1229,0.0028939,1.8841870999999986,32.3465,0.650082,797,1229
1230,0.0029242,1.8871112999999986,32.3465,0.650082,797,1230
1231,0.0031177,1.8902289999999986,32.3465,0.650082,797,1231
1232,0.0029473,1.8931762999999986,32.3465,0.650082,797,1232
1233,0.0028958,1.8960720999999985,32.3465,0.650082,797,1233
1234,0.0028474,1.8989194999999985,32.3465,0.650082,797,1234
1235,0.002829,1.9017484999999985,32.3465,0.650082,797,1235
1236,0.0030717,1.9048201999999985,32.3465,0.650082,797,1236
1237,0.0029391,1.9077592999999986,32.3465,0.649266,796,1237
1238,0.0030464,1.9108056999999985,32.3465,0.649266,796,1238
1239,0.0028969,1.9137025999999986,32.3465,0.649266,796,1239
1240,0.0028198,1.9165223999999985,32.3465,0.649266,796,1240
1241,0.0028024,1.9193247999999985,32.3465,0.649266,796,1241
1242,0.0029821,1.9223068999999986,32.3465,0.649266,796,1242
1243,0.0029968,1.9253036999999986,32.3465,0.649266,796,1243
1244,0.0029543,1.9282579999999987,32.3465,0.649266,796,1244
1245,0.0029342,1.9311921999999988,32.3465,0.649266,796,1245
1246,0.0028747,1.9340668999999988,32.3465,0.649266,796,1246
1247,0.0028464,1.9369132999999987,32.3465,0.649266,796,1247
1248,0.0075723,1.9444855999999988,32.3465,0.649266,796,1248
1249,0.0028275,1.9473130999999988,32.3465,0.649266,796,1249
1250,0.0028168,1.9501298999999988,32.3465,0.649266,796,1250
1251,0.0028495,1.9529793999999987,32.3465,0.649266,796,1251
1252,0.0030801,1.9560594999999987,32.3465,0.649266,796,1252
1253,0.0029913,1.9590507999999986,32.3465,0.649266,796,1253
1254,0.0029603,1.9620110999999987,32.3465,0.649266,796,1254
1255,0.0028964,1.9649074999999987,32.3465,0.649266,796,1255
1256,0.002793,1.9677004999999987,32.3465,0.649266,796,1256
1257,0.0030216,1.9707220999999988,32.3465,0.649266,796,1257
1258,0.0031082,1.9738302999999988,32.3465,0.64845,795,1258
1259,0.0030006,1.9768308999999988,32.3465,0.64845,795,1259
1260,0.002913,1.9797438999999988,32.3465,0.64845,795,1260
1261,0.0028728,1.9826166999999988,32.3465,0.64845,795,1261
1262,0.0028523,1.9854689999999988,32.3465,0.64845,795,1262
1263,0.0031195,1.9885884999999988,32.3465,0.64845,795,1263
1264,0.003011,1.9915994999999989,32.3465,0.64845,795,1264
1265,0.0029571,1.9945565999999988,32.3465,0.64845,795,1265
1266,0.0028996,1.9974561999999987,32.3465,0.64845,795,1266
1267,0.0028916,2.000347799999999,32.3465,0.64845,795,1267
1268,0.0029217,2.0032694999999987,32.3465,0.64845,795,1268
1269,0.003187,2.0064564999999988,32.3465,0.64845,795,1269
1270,0.0030729,2.0095293999999986,32.3465,0.64845,795,1270
1271,0.0028848,2.0124141999999985,32.3465,0.64845,795,1271
1272,0.0029221,2.0153362999999986,32.3465,0.64845,795,1272
1273,0.0029039,2.018240199999999,32.3465,0.64845,795,1273
1274,0.0031027,2.0213428999999987,32.3465,0.64845,795,1274
1275,0.0030074,2.0243502999999987,32.3465,0.64845,795,1275
1276,0.0030703,2.027420599999999,32.3465,0.64845,795,1276
1277,0.0029476,2.030368199999999,32.3465,0.64845,795,1277
1278,0.0029588,2.033326999999999,32.3465,0.64845,795,1278
1279,0.0029016,2.036228599999999,32.3465,0.64845,795,1279
1280,0.0031409,2.039369499999999,32.3465,0.647635,794,1280
1281,0.0029931,2.042362599999999,32.3465,0.647635,794,1281
1282,0.0030039,2.0453664999999988,32.3465,0.647635,794,1282
1283,0.0030053,2.0483717999999986,32.3465,0.647635,794,1283
1284,0.0030006,2.0513723999999987,32.3465,0.647635,794,1284
1285,0.0030762,2.054448599999999,32.3465,0.647635,794,1285
1286,0.0031466,2.057595199999999,32.3465,0.647635,794,1286
1287,0.0030584,2.060653599999999,32.3465,0.647635,794,1287
1288,0.0029466,2.063600199999999,32.3465,0.647635,794,1288
1289,0.002941,2.0665411999999987,32.3465,0.647635,794,1289
1290,0.0029053,2.069446499999999,32.3465,0.647635,794,1290
1291,0.0031743,2.072620799999999,32.3465,0.647635,794,1291
1292,0.0031234,2.075744199999999,32.3465,0.647635,794,1292
1293,0.003022,2.078766199999999,32.3465,0.647635,794,1293
1294,0.0030573,2.081823499999999,32.3465,0.647635,794,1294
1295,0.0029615,2.0847849999999992,32.3465,0.647635,794,1295
1296,0.0032132,2.087998199999999,32.3465,0.647635,794,1296
1297,0.0030893,2.091087499999999,32.3465,0.647635,794,1297
1298,0.0030918,2.094179299999999,32.3465,0.647635,794,1298
1299,0.0030368,2.097216099999999,32.3465,0.647635,794,1299
1300,0.0029894,2.100205499999999,32.3465,0.647635,794,1300
1301,0.0030504,2.103255899999999,32.3465,0.646819,793,1301
1302,0.0031971,2.106452999999999,32.3465,0.646819,793,1302
1303,0.0031172,2.109570199999999,32.3465,0.646819,793,1303
1304,0.0030326,2.112602799999999,32.3465,0.646819,793,1304
1305,0.0050904,2.117693199999999,32.3465,0.646819,793,1305
1306,0.0031396,2.1208327999999987,32.3465,0.646819,793,1306
1307,0.0030788,2.1239115999999987,32.3465,0.646819,793,1307
1308,0.0031315,2.1270430999999985,32.3465,0.646819,793,1308
1309,0.0029897,2.1300327999999986,32.3465,0.646819,793,1309
1310,0.0030909,2.1331236999999987,32.3465,0.646819,793,1310
1311,0.0030326,2.136156299999999,32.3465,0.646819,793,1311
1312,0.0032949,2.139451199999999,32.3465,0.646819,793,1312
1313,0.0030929,2.142544099999999,32.3465,0.646819,793,1313
1314,0.0029704,2.145514499999999,32.3465,0.646819,793,1314
1315,0.0029691,2.148483599999999,32.3465,0.646819,793,1315
1316,0.0029914,2.151474999999999,32.3465,0.646819,793,1316
1317,0.0032021,2.1546770999999993,32.3465,0.646819,793,1317
1318,0.0030603,2.1577373999999994,32.3465,0.646819,793,1318
1319,0.0030676,2.1608049999999994,32.3465,0.646819,793,1319
1320,0.0030152,2.1638201999999995,32.3465,0.646819,793,1320
1321,0.0030081,2.1668282999999997,32.3465,0.646819,793,1321
1322,0.0031543,2.1699825999999995,32.3465,0.646003,792,1322
1323,0.0031974,2.1731799999999994,32.3465,0.646003,792,1323
1324,0.0031299,2.1763098999999992,32.3465,0.646003,792,1324
1325,0.0030723,2.179382199999999,32.3465,0.646003,792,1325
1326,0.0029653,2.182347499999999,32.3465,0.646003,792,1326
1327,0.0030415,2.1853889999999994,32.3465,0.646003,792,1327
1328,0.0032587,2.1886476999999993,32.3465,0.646003,792,1328
1329,0.003168,2.1918156999999994,32.3465,0.646003,792,1329
1330,0.0030392,2.1948548999999993,32.3465,0.646003,792,1330
1331,0.0030898,2.1979446999999994,32.3465,0.646003,792,1331
1332,0.0030337,2.2009783999999994,32.3465,0.646003,792,1332
1333,0.0032465,2.2042248999999994,32.3465,0.646003,792,1333
1334,0.0031701,2.2073949999999996,32.3465,0.646003,792,1334
1335,0.0030876,2.2104825999999997,32.3465,0.646003,792,1335
1336,0.0031495,2.2136321,32.3465,0.646003,792,1336
1337,0.003087,2.2167190999999997,32.3465,0.646003,792,1337
1338,0.0031622,2.2198812999999995,32.3465,0.646003,792,1338
1339,0.0032655,2.2231467999999994,32.3465,0.646003,792,1339
1340,0.003164,2.2263107999999994,32.3465,0.646003,792,1340
1341,0.0030745,2.2293852999999992,32.3465,0.646003,792,1341
1342,0.0031239,2.232509199999999,32.3465,0.645188,791,1342
1343,0.0031109,2.235620099999999,32.3465,0.645188,791,1343
1344,0.0034515,2.239071599999999,32.3465,0.645188,791,1344
1345,0.0032137,2.242285299999999,32.3465,0.645188,791,1345
1346,0.0031538,2.245439099999999,32.3465,0.645188,791,1346
1347,0.0030888,2.248527899999999,32.3465,0.645188,791,1347
1348,0.0030207,2.251548599999999,32.3465,0.645188,791,1348
1349,0.0033671,2.2549156999999993,32.3465,0.645188,791,1349
1350,0.0033437,2.258259399999999,32.3465,0.645188,791,1350
1351,0.00313,2.261389399999999,32.3465,0.645188,791,1351
1352,0.0031132,2.2645025999999993,32.3465,0.645188,791,1352
1353,0.0031093,2.2676118999999995,32.3465,0.645188,791,1353
1354,0.0033491,2.2709609999999993,32.3465,0.645188,791,1354
1355,0.0031898,2.2741507999999993,32.3465,0.645188,791,1355
1356,0.0031171,2.277267899999999,32.3465,0.645188,791,1356
1357,0.003051,2.2803188999999993,32.3465,0.645188,791,1357
1358,0.0031114,2.283430299999999,32.3465,0.644372,790,1358
1359,0.0034198,2.286850099999999,32.3465,0.644372,790,1359
1360,0.0032427,2.290092799999999,32.3465,0.644372,790,1360
1361,0.003211,2.293303799999999,32.3465,0.644372,790,1361
1362,0.0031524,2.296456199999999,32.3465,0.644372,790,1362
1363,0.0031327,2.299588899999999,32.3465,0.644372,790,1363
1364,0.0032087,2.302797599999999,32.3465,0.644372,790,1364
1365,0.0032811,2.306078699999999,32.3465,0.644372,790,1365
1366,0.0033824,2.309461099999999,32.3465,0.644372,790,1366
1367,0.0031939,2.312654999999999,32.3465,0.644372,790,1367
1368,0.0031343,2.315789299999999,32.3465,0.644372,790,1368
1369,0.0033127,2.319101999999999,32.3465,0.644372,790,1369
1370,0.0034235,2.322525499999999,32.3465,0.644372,790,1370
1371,0.0032948,2.325820299999999,32.3465,0.644372,790,1371
1372,0.0031461,2.3289663999999988,32.3465,0.644372,790,1372
1373,0.0074516,2.3364179999999988,32.3465,0.644372,790,1373
1374,0.0032596,2.3396775999999986,32.3465,0.644372,790,1374
1375,0.0032024,2.3428799999999987,32.3465,0.644372,790,1375
1376,0.0031452,2.346025199999999,32.3465,0.644372,790,1376
1377,0.003201,2.3492261999999986,32.3465,0.644372,790,1377
1378,0.0032836,2.3525097999999987,32.3465,0.644372,790,1378
1379,0.0032993,2.3558090999999988,32.3465,0.644372,790,1379
1380,0.0032413,2.3590503999999988,32.3465,0.644372,790,1380
1381,0.0031491,2.3621994999999987,32.3465,0.644372,790,1381
1382,0.003144,2.3653434999999985,32.3465,0.644372,790,1382
1383,0.0032027,2.3685461999999986,32.3465,0.644372,790,1383
1384,0.0033971,2.3719432999999985,32.3465,0.644372,790,1384
1385,0.0033174,2.3752606999999983,32.3465,0.644372,790,1385
1386,0.0032981,2.378558799999998,32.3465,0.643556,789,1386
1387,0.0031271,2.381685899999998,32.3465,0.643556,789,1387
1388,0.003145,2.384830899999998,32.3465,0.643556,789,1388
1389,0.003445,2.3882758999999982,32.3465,0.643556,789,1389
1390,0.003441,2.3917168999999983,32.3465,0.643556,789,1390
1391,0.0031586,2.394875499999998,32.3465,0.643556,789,1391
1392,0.003144,2.398019499999998,32.3465,0.643556,789,1392
1393,0.0031105,2.401129999999998,32.3465,0.643556,789,1393
1394,0.0034283,2.404558299999998,32.3465,0.643556,789,1394
1395,0.0034272,2.407985499999998,32.3465,0.643556,789,1395
1396,0.0033109,2.4112963999999977,32.3465,0.643556,789,1396
1397,0.0032843,2.4145806999999975,32.3465,0.643556,789,1397
1398,0.0032655,2.4178461999999974,32.3465,0.643556,789,1398
1399,0.0035857,2.4214318999999973,32.3465,0.643556,789,1399
1400,0.0036047,2.425036599999997,32.3465,0.643556,789,1400
1401,0.0031969,2.428233499999997,32.3465,0.643556,789,1401
1402,0.0032399,2.431473399999997,32.3465,0.643556,789,1402
1403,0.0033119,2.434785299999997,32.3465,0.643556,789,1403
1404,0.0034914,2.438276699999997,32.3465,0.643556,789,1404
1405,0.0033603,2.4416369999999974,32.3465,0.643556,789,1405
1406,0.0032115,2.4448484999999973,32.3465,0.643556,789,1406
1407,0.0032236,2.4480720999999974,32.3465,0.643556,789,1407
1408,0.0032498,2.4513218999999973,32.3465,0.643556,789,1408
1409,0.0034347,2.4547565999999974,32.3465,0.643556,789,1409
1410,0.0033836,2.458140199999997,32.3465,0.643556,789,1410
1411,0.0032107,2.461350899999997,32.3465,0.643556,789,1411
1412,0.0032343,2.464585199999997,32.3465,0.643556,789,1412
1413,0.0033598,2.467944999999997,32.3465,0.643556,789,1413
1414,0.0034542,2.4713991999999974,32.3465,0.642741,788,1414
1415,0.0033373,2.4747364999999975,32.3465,0.642741,788,1415
1416,0.0032458,2.4779822999999976,32.3465,0.642741,788,1416
1417,0.0032831,2.4812653999999976,32.3465,0.642741,788,1417
1418,0.0033262,2.4845915999999977,32.3465,0.642741,788,1418
1419,0.0034919,2.488083499999998,32.3465,0.642741,788,1419
1420,0.0033897,2.491473199999998,32.3465,0.642741,788,1420
1421,0.0032109,2.494684099999998,32.3465,0.642741,788,1421
1422,0.0032949,2.497978999999998,32.3465,0.642741,788,1422
1423,0.0033661,2.501345099999998,32.3465,0.642741,788,1423
1424,0.0035689,2.504913999999998,32.3465,0.642741,788,1424
1425,0.0033988,2.508312799999998,32.3465,0.642741,788,1425
1426,0.0032756,2.5115883999999977,32.3465,0.642741,788,1426
1427,0.0032799,2.5148682999999976,32.3465,0.642741,788,1427
1428,0.0034845,2.5183527999999975,32.3465,0.642741,788,1428
1429,0.0034641,2.5218168999999975,32.3465,0.642741,788,1429
1430,0.0033726,2.5251894999999975,32.3465,0.642741,788,1430
1431,0.0032245,2.5284139999999975,32.3465,0.642741,788,1431
1432,0.0033028,2.5317167999999977,32.3465,0.642741,788,1432
1433,0.0034038,2.5351205999999977,32.3465,0.641925,787,1433
1434,0.003478,2.5385985999999976,32.3465,0.641925,787,1434
1435,0.0033378,2.5419363999999978,32.3465,0.641925,787,1435
1436,0.0032625,2.5451988999999977,32.3465,0.641925,787,1436
1437,0.0032929,2.5484917999999976,32.3465,0.641925,787,1437
1438,0.003488,2.5519797999999976,32.3465,0.641925,787,1438
1439,0.003441,2.5554207999999976,32.3465,0.641925,787,1439
1440,0.0033477,2.5587684999999976,32.3465,0.641925,787,1440
1441,0.0033007,2.5620691999999976,32.3465,0.641925,787,1441
1442,0.0033049,2.5653740999999974,32.3465,0.641925,787,1442
1443,0.0035201,2.5688941999999972,32.3465,0.641925,787,1443
1444,0.0033943,2.5722884999999973,32.3465,0.641925,787,1444
1445,0.0033658,2.5756542999999974,32.3465,0.641925,787,1445
1446,0.0033323,2.5789865999999972,32.3465,0.641925,787,1446
1447,0.0033591,2.582345699999997,32.3465,0.641925,787,1447
1448,0.0039669,2.586312599999997,32.3465,0.641925,787,1448
1449,0.0034861,2.589798699999997,32.3465,0.641925,787,1449
1450,0.0033312,2.593129899999997,32.3465,0.641925,787,1450
1451,0.0033783,2.596508199999997,32.3465,0.641109,786,1451
1452,0.0033197,2.599827899999997,32.3465,0.641109,786,1452
1453,0.0035511,2.6033789999999972,32.3465,0.641109,786,1453
1454,0.0034645,2.6068434999999974,32.3465,0.641109,786,1454
1455,0.0034065,2.6102499999999975,32.3465,0.641109,786,1455
1456,0.0033466,2.6135965999999975,32.3465,0.641109,786,1456
1457,0.0034512,2.6170477999999977,32.3465,0.641109,786,1457
1458,0.003539,2.6205867999999977,32.3465,0.641109,786,1458
1459,0.0035144,2.6241011999999975,32.3465,0.641109,786,1459
1460,0.0034111,2.6275122999999976,32.3465,0.641109,786,1460
1461,0.0033042,2.6308164999999977,32.3465,0.641109,786,1461
1462,0.0033853,2.634201799999998,32.3465,0.641109,786,1462
1463,0.0035141,2.6377158999999977,32.3465,0.641109,786,1463
1464,0.0034169,2.6411327999999976,32.3465,0.641109,786,1464
1465,0.0034425,2.6445752999999974,32.3465,0.641109,786,1465
1466,0.0033405,2.6479157999999976,32.3465,0.641109,786,1466
1467,0.003539,2.6514547999999976,32.3465,0.641109,786,1467
1468,0.0034991,2.6549538999999975,32.3465,0.640294,785,1468
1469,0.0034871,2.6584409999999976,32.3465,0.640294,785,1469
1470,0.0033856,2.6618265999999977,32.3465,0.640294,785,1470
1471,0.0033566,2.6651831999999978,32.3465,0.640294,785,1471
1472,0.0035712,2.668754399999998,32.3465,0.640294,785,1472
1473,0.0035116,2.672265999999998,32.3465,0.640294,785,1473
1474,0.0034361,2.675702099999998,32.3465,0.640294,785,1474
1475,0.0034156,2.6791176999999977,32.3465,0.640294,785,1475
1476,0.0034602,2.682577899999998,32.3465,0.640294,785,1476
1477,0.0036718,2.6862496999999976,32.3465,0.640294,785,1477
1478,0.0035325,2.6897821999999976,32.3465,0.640294,785,1478
1479,0.0034495,2.6932316999999975,32.3465,0.640294,785,1479
1480,0.0035232,2.6967548999999975,32.3465,0.640294,785,1480
1481,0.0034911,2.7002459999999977,32.3465,0.640294,785,1481
1482,0.0036978,2.7039437999999976,32.3465,0.640294,785,1482
1483,0.003689,2.7076327999999976,32.3465,0.640294,785,1483
1484,0.0034577,2.7110904999999974,32.3465,0.640294,785,1484
1485,0.0033849,2.7144753999999973,32.3465,0.640294,785,1485
1486,0.0036104,2.718085799999997,32.3465,0.640294,785,1486
1487,0.0036183,2.721704099999997,32.3465,0.640294,785,1487
1488,0.0035896,2.7252936999999973,32.3465,0.640294,785,1488
1489,0.0034159,2.728709599999997,32.3465,0.640294,785,1489
1490,0.0034127,2.7321222999999972,32.3465,0.640294,785,1490
1491,0.0037558,2.735878099999997,32.3465,0.640294,785,1491
1492,0.0036283,2.739506399999997,32.3465,0.640294,785,1492
1493,0.0034458,2.7429521999999973,32.3465,0.640294,785,1493
1494,0.0034177,2.7463698999999973,32.3465,0.640294,785,1494
1495,0.0033939,2.749763799999997,32.3465,0.640294,785,1495
1496,0.0037704,2.753534199999997,32.3465,0.640294,785,1496
1497,0.0036418,2.757175999999997,32.3465,0.640294,785,1497
1498,0.003486,2.7606619999999973,32.3465,0.640294,785,1498
1499,0.0034427,2.764104699999997,32.3465,0.640294,785,1499
1500,0.0036567,2.7677613999999973,32.3465,0.639478,784,1500
1501,0.003606,2.7713673999999973,32.3465,0.639478,784,1501
1502,0.00361,2.7749773999999974,32.3465,0.639478,784,1502
1503,0.0034413,2.7784186999999974,32.3465,0.639478,784,1503
1504,0.0035025,2.7819211999999975,32.3465,0.639478,784,1504
1505,0.0038017,2.7857228999999974,32.3465,0.639478,784,1505
1506,0.0036508,2.7893736999999974,32.3465,0.639478,784,1506
1507,0.0034798,2.7928534999999974,32.3465,0.639478,784,1507
1508,0.0035486,2.7964020999999972,32.3465,0.639478,784,1508
1509,0.0036374,2.8000394999999973,32.3465,0.639478,784,1509
1510,0.0039994,2.8040388999999974,32.3465,0.639478,784,1510
1511,0.0035898,2.8076286999999973,32.3465,0.639478,784,1511
1512,0.0034826,2.811111299999997,32.3465,0.638662,783,1512
1513,0.0035511,2.8146623999999973,32.3465,0.638662,783,1513
1514,0.0040972,2.8187595999999973,32.3465,0.638662,783,1514
1515,0.0036758,2.822435399999997,32.3465,0.638662,783,1515
1516,0.0037196,2.8261549999999973,32.3465,0.638662,783,1516
1517,0.0036355,2.8297904999999974,32.3465,0.638662,783,1517
1518,0.0037825,2.8335729999999972,32.3465,0.638662,783,1518
1519,0.0036914,2.8372643999999974,32.3465,0.638662,783,1519
1520,0.0037554,2.8410197999999975,32.3465,0.638662,783,1520
1521,0.0035918,2.8446115999999977,32.3465,0.638662,783,1521
1522,0.0035141,2.8481256999999975,32.3465,0.638662,783,1522
1523,0.0037962,2.8519218999999976,32.3465,0.638662,783,1523
1524,0.0036826,2.8556044999999974,32.3465,0.638662,783,1524
1525,0.0036076,2.8592120999999975,32.3465,0.638662,783,1525
1526,0.0034852,2.8626972999999976,32.3465,0.638662,783,1526
1527,0.0036333,2.8663305999999977,32.3465,0.638662,783,1527
1528,0.0037837,2.870114299999998,32.3465,0.638662,783,1528
1529,0.0035992,2.873713499999998,32.3465,0.638662,783,1529
1530,0.0036102,2.8773236999999976,32.3465,0.637847,782,1530
1531,0.0035595,2.8808831999999978,32.3465,0.637847,782,1531
1532,0.0038348,2.8847179999999977,32.3465,0.637847,782,1532
1533,0.0036962,2.8884141999999975,32.3465,0.637847,782,1533
1534,0.0036662,2.8920803999999976,32.3465,0.637847,782,1534
1535,0.0035789,2.8956592999999975,32.3465,0.637847,782,1535
1536,0.0036345,2.8992937999999975,32.3465,0.637847,782,1536
1537,0.0037586,2.9030523999999973,32.3465,0.637847,782,1537
1538,0.003647,2.9066993999999973,32.3465,0.637847,782,1538
1539,0.0035169,2.9102162999999974,32.3465,0.637847,782,1539
1540,0.0035773,2.9137935999999973,32.3465,0.637847,782,1540
1541,0.0039161,2.9177096999999974,32.3465,0.637847,782,1541
1542,0.004018,2.9217276999999973,32.3465,0.637847,782,1542
1543,0.0036058,2.925333499999997,32.3465,0.637847,782,1543
1544,0.0035342,2.928867699999997,32.3465,0.637847,782,1544
1545,0.0035779,2.9324455999999968,32.3465,0.637847,782,1545
1546,0.0036995,2.936145099999997,32.3465,0.637847,782,1546
1547,0.0037446,2.939889699999997,32.3465,0.637847,782,1547
1548,0.0036048,2.9434944999999972,32.3465,0.637847,782,1548
1549,0.0036104,2.947104899999997,32.3465,0.637847,782,1549
1550,0.0037817,2.9508865999999974,32.3465,0.637847,782,1550
1551,0.003798,2.9546845999999976,32.3465,0.637847,782,1551
1552,0.0036382,2.9583227999999977,32.3465,0.637847,782,1552
1553,0.0035105,2.9618332999999977,32.3465,0.637847,782,1553
1554,0.0036191,2.9654523999999975,32.3465,0.637847,782,1554
1555,0.0037439,2.9691962999999975,32.3465,0.637031,781,1555
1556,0.0036878,2.9728840999999973,32.3465,0.637031,781,1556
1557,0.0036284,2.9765124999999975,32.3465,0.637031,781,1557
1558,0.003552,2.9800644999999975,32.3465,0.637031,781,1558
1559,0.0037978,2.9838622999999975,32.3465,0.637031,781,1559
1560,0.0037545,2.9876167999999974,32.3465,0.637031,781,1560
1561,0.0037661,2.9913828999999974,32.3465,0.637031,781,1561
1562,0.0037719,2.9951547999999972,32.3465,0.637031,781,1562
1563,0.0037557,2.9989104999999974,32.3465,0.637031,781,1563
1564,0.0039073,3.002817799999997,32.3465,0.637031,781,1564
1565,0.003865,3.006682799999997,32.3465,0.637031,781,1565
1566,0.0035686,3.010251399999997,32.3465,0.637031,781,1566
1567,0.0037066,3.013957999999997,32.3465,0.637031,781,1567
1568,0.0039744,3.017932399999997,32.3465,0.637031,781,1568
1569,0.0038247,3.021757099999997,32.3465,0.637031,781,1569
1570,0.0038142,3.025571299999997,32.3465,0.637031,781,1570
1571,0.0036443,3.029215599999997,32.3465,0.637031,781,1571
1572,0.0038232,3.033038799999997,32.3465,0.637031,781,1572
1573,0.0038174,3.036856199999997,32.3465,0.637031,781,1573
1574,0.0036349,3.040491099999997,32.3465,0.637031,781,1574
1575,0.0036236,3.044114699999997,32.3465,0.637031,781,1575
1576,0.0037128,3.0478274999999972,32.3465,0.636215,780,1576
1577,0.003867,3.0516944999999973,32.3465,0.636215,780,1577
1578,0.0038337,3.0555281999999973,32.3465,0.636215,780,1578
1579,0.0036895,3.0592176999999974,32.3465,0.636215,780,1579
1580,0.0036298,3.0628474999999975,32.3465,0.636215,780,1580
1581,0.0040856,3.0669330999999973,32.3465,0.636215,780,1581
1582,0.0038945,3.070827599999997,32.3465,0.636215,780,1582
1583,0.0036046,3.0744321999999973,32.3465,0.636215,780,1583
1584,0.0036326,3.0780647999999973,32.3465,0.636215,780,1584
1585,0.0037124,3.081777199999997,32.3465,0.636215,780,1585
1586,0.003951,3.085728199999997,32.3465,0.636215,780,1586
1587,0.0037237,3.089451899999997,32.3465,0.636215,780,1587
1588,0.0036952,3.0931470999999973,32.3465,0.636215,780,1588
1589,0.0036757,3.0968227999999973,32.3465,0.636215,780,1589
1590,0.0039406,3.1007633999999973,32.3465,0.636215,780,1590
1591,0.0038793,3.104642699999997,32.3465,0.636215,780,1591
1592,0.003728,3.1083706999999974,32.3465,0.636215,780,1592
1593,0.0036634,3.1120340999999976,32.3465,0.636215,780,1593
1594,0.0038517,3.1158857999999974,32.3465,0.636215,780,1594
1595,0.0038426,3.1197283999999974,32.3465,0.636215,780,1595
1596,0.0037734,3.1235017999999974,32.3465,0.636215,780,1596
1597,0.003658,3.1271597999999976,32.3465,0.636215,780,1597
1598,0.0036757,3.1308354999999977,32.3465,0.636215,780,1598
1599,0.003993,3.1348284999999976,32.3465,0.636215,780,1599
1600,0.0038305,3.1386589999999974,32.3465,0.6354,779,1600
1601,0.0038404,3.1424993999999975,32.3465,0.6354,779,1601
1602,0.0037035,3.1462028999999974,32.3465,0.6354,779,1602
1603,0.0040139,3.1502167999999973,32.3465,0.6354,779,1603
1604,0.0039461,3.154162899999997,32.3465,0.6354,779,1604
1605,0.0038201,3.157982999999997,32.3465,0.6354,779,1605
1606,0.0037486,3.1617315999999973,32.3465,0.6354,779,1606
1607,0.0040203,3.1657518999999974,32.3465,0.6354,779,1607
1608,0.0038527,3.1696045999999973,32.3465,0.6354,779,1608
1609,0.003896,3.1735005999999975,32.3465,0.6354,779,1609
1610,0.0037186,3.1772191999999975,32.3465,0.6354,779,1610
1611,0.003748,3.1809671999999973,32.3465,0.6354,779,1611
1612,0.0040296,3.1849967999999973,32.3465,0.6354,779,1612
1613,0.003944,3.1889407999999975,32.3465,0.6354,779,1613
1614,0.0036871,3.1926278999999975,32.3465,0.6354,779,1614
1615,0.0037638,3.1963916999999977,32.3465,0.6354,779,1615
1616,0.004081,3.2004726999999975,32.3465,0.6354,779,1616
1617,0.0039532,3.2044258999999977,32.3465,0.6354,779,1617
1618,0.0037886,3.2082144999999977,32.3465,0.6354,779,1618
1619,0.0038706,3.2120850999999977,32.3465,0.6354,779,1619
1620,0.0041883,3.2162733999999977,32.3465,0.634584,778,1620
1621,0.004003,3.2202763999999977,32.3465,0.634584,778,1621
1622,0.0038744,3.2241507999999977,32.3465,0.634584,778,1622
1623,0.0037765,3.2279272999999975,32.3465,0.634584,778,1623
1624,0.004056,3.2319832999999973,32.3465,0.634584,778,1624
1625,0.0039352,3.2359184999999973,32.3465,0.634584,778,1625
1626,0.0040517,3.2399701999999975,32.3465,0.634584,778,1626
1627,0.003731,3.2437011999999976,32.3465,0.634584,778,1627
1628,0.003935,3.2476361999999974,32.3465,0.634584,778,1628
1629,0.0039453,3.2515814999999972,32.3465,0.634584,778,1629
1630,0.0041149,3.255696399999997,32.3465,0.634584,778,1630
1631,0.0038027,3.259499099999997,32.3465,0.634584,778,1631
1632,0.0036866,3.263185699999997,32.3465,0.634584,778,1632
1633,0.004123,3.267308699999997,32.3465,0.634584,778,1633
1634,0.0039246,3.271233299999997,32.3465,0.634584,778,1634
1635,0.0038518,3.275085099999997,32.3465,0.634584,778,1635
1636,0.0038403,3.2789253999999968,32.3465,0.634584,778,1636
1637,0.0041783,3.2831036999999967,32.3465,0.634584,778,1637
1638,0.0040486,3.2871522999999967,32.3465,0.634584,778,1638
1639,0.0038184,3.290970699999997,32.3465,0.634584,778,1639
1640,0.00382,3.294790699999997,32.3465,0.633768,777,1640
1641,0.0041486,3.298939299999997,32.3465,0.633768,777,1641
1642,0.0040227,3.3029619999999973,32.3465,0.633768,777,1642
1643,0.0038634,3.3068253999999975,32.3465,0.633768,777,1643
1644,0.0037863,3.3106116999999973,32.3465,0.633768,777,1644
1645,0.0039614,3.3145730999999974,32.3465,0.633768,777,1645
1646,0.00401,3.3185830999999975,32.3465,0.633768,777,1646
1647,0.0038776,3.3224606999999975,32.3465,0.633768,777,1647
1648,0.003728,3.3261886999999977,32.3465,0.633768,777,1648
1649,0.0038596,3.330048299999998,32.3465,0.633768,777,1649
1650,0.0042202,3.3342684999999976,32.3465,0.633768,777,1650
1651,0.0039575,3.3382259999999975,32.3465,0.633768,777,1651
1652,0.0037852,3.3420111999999973,32.3465,0.633768,777,1652
1653,0.0038394,3.3458505999999972,32.3465,0.633768,777,1653
1654,0.0041503,3.3500008999999973,32.3465,0.633768,777,1654
1655,0.0040014,3.354002299999997,32.3465,0.633768,777,1655
1656,0.0038766,3.357878899999997,32.3465,0.633768,777,1656
1657,0.0038992,3.3617780999999973,32.3465,0.633768,777,1657
1658,0.0041564,3.365934499999997,32.3465,0.633768,777,1658
1659,0.0040039,3.369938399999997,32.3465,0.633768,777,1659
1660,0.0038452,3.373783599999997,32.3465,0.633768,777,1660
1661,0.0039348,3.3777183999999973,32.3465,0.632953,776,1661
1662,0.0040134,3.381731799999997,32.3465,0.632953,776,1662
1663,0.0040296,3.385761399999997,32.3465,0.632953,776,1663
1664,0.0038709,3.389632299999997,32.3465,0.632953,776,1664
1665,0.0038538,3.393486099999997,32.3465,0.632953,776,1665
1666,0.0040921,3.3975781999999968,32.3465,0.632953,776,1666
1667,0.0040348,3.4016129999999967,32.3465,0.632953,776,1667
1668,0.0041173,3.4057302999999965,32.3465,0.632953,776,1668
1669,0.0038828,3.4096130999999965,32.3465,0.632953,776,1669
1670,0.0041548,3.4137678999999963,32.3465,0.632953,776,1670
1671,0.0041151,3.4178829999999962,32.3465,0.632953,776,1671
1672,0.0040373,3.421920299999996,32.3465,0.632953,776,1672
1673,0.0038728,3.425793099999996,32.3465,0.632953,776,1673
1674,0.0041162,3.429909299999996,32.3465,0.632953,776,1674
1675,0.0041401,3.4340493999999957,32.3465,0.632953,776,1675
1676,0.0040737,3.438123099999996,32.3465,0.632953,776,1676
1677,0.0038913,3.4420143999999957,32.3465,0.632953,776,1677
1678,0.0038803,3.4458946999999958,32.3465,0.632953,776,1678
1679,0.0041121,3.4500067999999957,32.3465,0.632953,776,1679
1680,0.0042086,3.454215399999996,32.3465,0.632953,776,1680
1681,0.0038626,3.458077999999996,32.3465,0.632953,776,1681
1682,0.0039663,3.462044299999996,32.3465,0.632953,776,1682
1683,0.0043397,3.466383999999996,32.3465,0.632953,776,1683
1684,0.0040051,3.4703890999999962,32.3465,0.632953,776,1684
1685,0.0082459,3.478634999999996,32.3465,0.632953,776,1685
1686,0.0041869,3.4828218999999963,32.3465,0.632953,776,1686
1687,0.0040224,3.4868442999999965,32.3465,0.632953,776,1687
1688,0.0039076,3.4907518999999962,32.3465,0.632953,776,1688
1689,0.0038243,3.494576199999996,32.3465,0.632953,776,1689
1690,0.0040997,3.498675899999996,32.3465,0.632953,776,1690
1691,0.0040436,3.502719499999996,32.3465,0.632137,775,1691
1692,0.0038435,3.506562999999996,32.3465,0.632137,775,1692
1693,0.0038843,3.510447299999996,32.3465,0.632137,775,1693
1694,0.0041938,3.514641099999996,32.3465,0.632137,775,1694
1695,0.0039739,3.518614999999996,32.3465,0.632137,775,1695
1696,0.0039921,3.522607099999996,32.3465,0.632137,775,1696
1697,0.0039105,3.526517599999996,32.3465,0.632137,775,1697
1698,0.0043757,3.5308932999999962,32.3465,0.632137,775,1698
1699,0.0043988,3.5352920999999964,32.3465,0.632137,775,1699
1700,0.0040721,3.5393641999999965,32.3465,0.632137,775,1700
1701,0.0038158,3.5431799999999964,32.3465,0.632137,775,1701
1702,0.0041867,3.5473666999999964,32.3465,0.632137,775,1702
1703,0.0041708,3.5515374999999962,32.3465,0.632137,775,1703
1704,0.0040039,3.555541399999996,32.3465,0.632137,775,1704
1705,0.0039132,3.559454599999996,32.3465,0.632137,775,1705
1706,0.0041746,3.563629199999996,32.3465,0.632137,775,1706
1707,0.0041415,3.5677706999999956,32.3465,0.632137,775,1707
1708,0.0040835,3.5718541999999958,32.3465,0.632137,775,1708
1709,0.0038914,3.575745599999996,32.3465,0.632137,775,1709
1710,0.0041367,3.579882299999996,32.3465,0.632137,775,1710
1711,0.004265,3.584147299999996,32.3465,0.632137,775,1711
1712,0.0039427,3.5880899999999962,32.3465,0.632137,775,1712
1713,0.0040077,3.592097699999996,32.3465,0.632137,775,1713
1714,0.0039964,3.596094099999996,32.3465,0.632137,775,1714
1715,0.0042556,3.600349699999996,32.3465,0.632137,775,1715
1716,0.0041104,3.6044600999999963,32.3465,0.632137,775,1716
1717,0.0038993,3.6083593999999963,32.3465,0.632137,775,1717
1718,0.0040746,3.6124339999999964,32.3465,0.632137,775,1718
1719,0.0042879,3.6167218999999964,32.3465,0.632137,775,1719
1720,0.0040625,3.6207843999999962,32.3465,0.631321,774,1720
1721,0.0039867,3.6247710999999962,32.3465,0.631321,774,1721
1722,0.0039967,3.6287677999999963,32.3465,0.631321,774,1722
1723,0.0042855,3.6330532999999963,32.3465,0.631321,774,1723
1724,0.0043721,3.637425399999996,32.3465,0.631321,774,1724
1725,0.0038862,3.6413115999999963,32.3465,0.631321,774,1725
1726,0.0040487,3.645360299999996,32.3465,0.631321,774,1726
1727,0.0041844,3.6495446999999963,32.3465,0.631321,774,1727
1728,0.0040609,3.653605599999996,32.3465,0.631321,774,1728
1729,0.0039892,3.657594799999996,32.3465,0.631321,774,1729
1730,0.0041204,3.661715199999996,32.3465,0.631321,774,1730
1731,0.0042255,3.665940699999996,32.3465,0.631321,774,1731
1732,0.0041494,3.6700900999999964,32.3465,0.631321,774,1732
1733,0.0039666,3.6740566999999964,32.3465,0.631321,774,1733
1734,0.0041424,3.6781990999999965,32.3465,0.631321,774,1734
1735,0.0042917,3.6824907999999965,32.3465,0.631321,774,1735
1736,0.0041767,3.6866674999999964,32.3465,0.631321,774,1736
1737,0.0041076,3.6907750999999966,32.3465,0.631321,774,1737
1738,0.0043912,3.695166299999997,32.3465,0.631321,774,1738
1739,0.0042822,3.699448499999997,32.3465,0.631321,774,1739
1740,0.0041809,3.703629399999997,32.3465,0.631321,774,1740
1741,0.0039906,3.707619999999997,32.3465,0.631321,774,1741
1742,0.0040618,3.711681799999997,32.3465,0.631321,774,1742
1743,0.0042585,3.715940299999997,32.3465,0.631321,774,1743
1744,0.0042236,3.720163899999997,32.3465,0.631321,774,1744
1745,0.0040238,3.724187699999997,32.3465,0.631321,774,1745
1746,0.0040484,3.728236099999997,32.3465,0.631321,774,1746
1747,0.0044311,3.732667199999997,32.3465,0.631321,774,1747
1748,0.0041577,3.736824899999997,32.3465,0.631321,774,1748
1749,0.0041644,3.740989299999997,32.3465,0.631321,774,1749
1750,0.0041754,3.745164699999997,32.3465,0.631321,774,1750
1751,0.004426,3.749590699999997,32.3465,0.631321,774,1751
1752,0.0041139,3.753704599999997,32.3465,0.631321,774,1752
1753,0.0040311,3.7577356999999973,32.3465,0.630506,773,1753
1754,0.0040829,3.761818599999997,32.3465,0.630506,773,1754
1755,0.0042435,3.766062099999997,32.3465,0.630506,773,1755
1756,0.0041387,3.770200799999997,32.3465,0.630506,773,1756
1757,0.0040735,3.774274299999997,32.3465,0.630506,773,1757
1758,0.0040434,3.778317699999997,32.3465,0.630506,773,1758
1759,0.0044812,3.782798899999997,32.3465,0.630506,773,1759
1760,0.004114,3.786912899999997,32.3465,0.630506,773,1760
1761,0.0040944,3.791007299999997,32.3465,0.630506,773,1761
1762,0.004136,3.7951432999999968,32.3465,0.630506,773,1762
1763,0.0042348,3.7993780999999966,32.3465,0.630506,773,1763
1764,0.0042528,3.803630899999997,32.3465,0.630506,773,1764
1765,0.0040406,3.807671499999997,32.3465,0.630506,773,1765
1766,0.0043369,3.812008399999997,32.3465,0.630506,773,1766
1767,0.0043303,3.816338699999997,32.3465,0.630506,773,1767
1768,0.0043241,3.820662799999997,32.3465,0.630506,773,1768
1769,0.0040758,3.8247385999999968,32.3465,0.630506,773,1769
1770,0.0043599,3.8290984999999966,32.3465,0.630506,773,1770
1771,0.0042997,3.8333981999999964,32.3465,0.630506,773,1771
1772,0.0042913,3.8376894999999966,32.3465,0.630506,773,1772
1773,0.0043175,3.8420069999999966,32.3465,0.630506,773,1773
1774,0.0044923,3.8464992999999965,32.3465,0.630506,773,1774
1775,0.0044923,3.8509915999999964,32.3465,0.630506,773,1775
1776,0.0042354,3.8552269999999966,32.3465,0.630506,773,1776
1777,0.0041983,3.8594252999999967,32.3465,0.630506,773,1777
1778,0.0043983,3.863823599999997,32.3465,0.630506,773,1778
1779,0.0043606,3.868184199999997,32.3465,0.630506,773,1779
1780,0.0041297,3.872313899999997,32.3465,0.630506,773,1780
1781,0.0041105,3.8764243999999968,32.3465,0.630506,773,1781
1782,0.0044616,3.8808859999999967,32.3465,0.630506,773,1782
1783,0.0043113,3.8851972999999966,32.3465,0.630506,773,1783
1784,0.0042071,3.8894043999999965,32.3465,0.630506,773,1784
1785,0.004224,3.8936283999999963,32.3465,0.62969,772,1785
1786,0.0045195,3.898147899999996,32.3465,0.62969,772,1786
1787,0.0043232,3.902471099999996,32.3465,0.62969,772,1787
1788,0.004234,3.906705099999996,32.3465,0.62969,772,1788
1789,0.0042103,3.910915399999996,32.3465,0.62969,772,1789
1790,0.0045963,3.915511699999996,32.3465,0.62969,772,1790
1791,0.0041946,3.919706299999996,32.3465,0.62969,772,1791
1792,0.0041666,3.923872899999996,32.3465,0.62969,772,1792
1793,0.0042554,3.928128299999996,32.3465,0.62969,772,1793
1794,0.0044294,3.932557699999996,32.3465,0.62969,772,1794
1795,0.0042954,3.936853099999996,32.3465,0.62969,772,1795
1796,0.0041543,3.941007399999996,32.3465,0.62969,772,1796
1797,0.0044088,3.9454161999999964,32.3465,0.62969,772,1797
1798,0.0044762,3.9498923999999964,32.3465,0.62969,772,1798
1799,0.0042529,3.9541452999999964,32.3465,0.62969,772,1799
1800,0.0041607,3.9583059999999963,32.3465,0.62969,772,1800
1801,0.004578,3.9628839999999963,32.3465,0.62969,772,1801
1802,0.0043739,3.9672578999999963,32.3465,0.62969,772,1802
1803,0.0041957,3.9714535999999963,32.3465,0.62969,772,1803
1804,0.0041659,3.975619499999996,32.3465,0.62969,772,1804
1805,0.0047112,3.980330699999996,32.3465,0.62969,772,1805
1806,0.0044087,3.984739399999996,32.3465,0.62969,772,1806
1807,0.0042095,3.988948899999996,32.3465,0.628874,771,1807
1808,0.0042962,3.993245099999996,32.3465,0.628874,771,1808
1809,0.0045683,3.997813399999996,32.3465,0.628874,771,1809
1810,0.0043069,4.002120299999996,32.3465,0.628874,771,1810
1811,0.0041844,4.006304699999996,32.3465,0.628874,771,1811
1812,0.0043313,4.010635999999995,32.3465,0.628874,771,1812
1813,0.0044617,4.015097699999996,32.3465,0.628874,771,1813
1814,0.0043864,4.019484099999995,32.3465,0.628874,771,1814
1815,0.0042173,4.023701399999995,32.3465,0.628874,771,1815
1816,0.0044607,4.028162099999995,32.3465,0.628874,771,1816
1817,0.0045348,4.032696899999995,32.3465,0.628874,771,1817
1818,0.0042955,4.036992399999995,32.3465,0.628874,771,1818
1819,0.0043193,4.041311699999994,32.3465,0.628874,771,1819
1820,0.0044574,4.045769099999994,32.3465,0.628874,771,1820
1821,0.0044023,4.050171399999994,32.3465,0.628874,771,1821
1822,0.0042739,4.054445299999994,32.3465,0.628874,771,1822
1823,0.0042948,4.058740099999994,32.3465,0.628874,771,1823
1824,0.0044792,4.063219299999994,32.3465,0.628059,770,1824
1825,0.0045291,4.067748399999994,32.3465,0.628059,770,1825
1826,0.0043904,4.072138799999994,32.3465,0.628059,770,1826
1827,0.0044212,4.076559999999994,32.3465,0.628059,770,1827
1828,0.0046459,4.081205899999994,32.3465,0.628059,770,1828
1829,0.0044629,4.085668799999994,32.3465,0.628059,770,1829
1830,0.0042151,4.089883899999994,32.3465,0.628059,770,1830
1831,0.0044583,4.094342199999994,32.3465,0.628059,770,1831
1832,0.004568,4.0989101999999935,32.3465,0.628059,770,1832
1833,0.0043618,4.103271999999993,32.3465,0.628059,770,1833
1834,0.004202,4.107473999999994,32.3465,0.628059,770,1834
1835,0.0046108,4.112084799999994,32.3465,0.628059,770,1835
1836,0.004418,4.116502799999994,32.3465,0.628059,770,1836
1837,0.004285,4.120787799999994,32.3465,0.628059,770,1837
1838,0.0042658,4.125053599999994,32.3465,0.628059,770,1838
1839,0.0045988,4.129652399999994,32.3465,0.628059,770,1839
1840,0.0044196,4.134071999999994,32.3465,0.628059,770,1840
1841,0.0043921,4.138464099999994,32.3465,0.628059,770,1841
1842,0.0043531,4.142817199999994,32.3465,0.628059,770,1842
1843,0.0046892,4.147506399999994,32.3465,0.628059,770,1843
1844,0.0044748,4.151981199999994,32.3465,0.628059,770,1844
1845,0.0045097,4.156490899999993,32.3465,0.628059,770,1845
1846,0.0045969,4.161087799999994,32.3465,0.628059,770,1846
1847,0.0043965,4.165484299999994,32.3465,0.628059,770,1847
1848,0.0045906,4.170074899999994,32.3465,0.628059,770,1848
1849,0.0048275,4.174902399999994,32.3465,0.628059,770,1849
1850,0.0045344,4.179436799999994,32.3465,0.628059,770,1850
1851,0.004634,4.184070799999994,32.3465,0.628059,770,1851
1852,0.0044062,4.1884769999999945,32.3465,0.628059,770,1852
1853,0.0044777,4.192954699999994,32.3465,0.628059,770,1853
1854,0.0045359,4.197490599999994,32.3465,0.628059,770,1854
1855,0.0045809,4.2020714999999935,32.3465,0.628059,770,1855
1856,0.004487,4.206558499999994,32.3465,0.627243,769,1856
1857,0.0048203,4.211378799999993,32.3465,0.627243,769,1857
1858,0.0044214,4.215800199999993,32.3465,0.627243,769,1858
1859,0.0046119,4.220412099999993,32.3465,0.627243,769,1859
1860,0.0044598,4.224871899999993,32.3465,0.627243,769,1860
1861,0.0047945,4.229666399999993,32.3465,0.627243,769,1861
1862,0.0047397,4.234406099999993,32.3465,0.627243,769,1862
1863,0.0044662,4.2388722999999935,32.3465,0.627243,769,1863
1864,0.0047111,4.243583399999993,32.3465,0.627243,769,1864
1865,0.0047321,4.248315499999993,32.3465,0.627243,769,1865
1866,0.0045911,4.252906599999993,32.3465,0.627243,769,1866
1867,0.0043802,4.257286799999993,32.3465,0.627243,769,1867
1868,0.0047188,4.262005599999993,32.3465,0.627243,769,1868
1869,0.0046155,4.266621099999993,32.3465,0.627243,769,1869
1870,0.0045514,4.271172499999993,32.3465,0.627243,769,1870
1871,0.0044217,4.275594199999993,32.3465,0.627243,769,1871
1872,0.0047077,4.280301899999993,32.3465,0.627243,769,1872
1873,0.004649,4.284950899999993,32.3465,0.627243,769,1873
1874,0.0044702,4.289421099999993,32.3465,0.627243,769,1874
1875,0.0047428,4.294163899999993,32.3465,0.627243,769,1875
1876,0.0044566,4.298620499999993,32.3465,0.627243,769,1876
1877,0.0045242,4.303144699999993,32.3465,0.627243,769,1877
1878,0.0043954,4.307540099999993,32.3465,0.627243,769,1878
1879,0.0046988,4.3122388999999925,32.3465,0.627243,769,1879
1880,0.0046845,4.316923399999992,32.3465,0.627243,769,1880
1881,0.004425,4.321348399999993,32.3465,0.627243,769,1881
1882,0.0046589,4.326007299999993,32.3465,0.626427,768,1882
1883,0.0047184,4.330725699999992,32.3465,0.626427,768,1883
1884,0.0045208,4.335246499999992,32.3465,0.626427,768,1884
1885,0.0045413,4.339787799999992,32.3465,0.626427,768,1885
1886,0.0046239,4.344411699999992,32.3465,0.626427,768,1886
1887,0.0045749,4.348986599999992,32.3465,0.626427,768,1887
1888,0.0046165,4.353603099999992,32.3465,0.626427,768,1888
1889,0.0043006,4.357903699999992,32.3465,0.626427,768,1889
1890,0.0047034,4.362607099999992,32.3465,0.626427,768,1890
1891,0.0045975,4.367204599999992,32.3465,0.626427,768,1891
1892,0.0044932,4.371697799999992,32.3465,0.626427,768,1892
1893,0.0045102,4.376207999999992,32.3465,0.626427,768,1893
1894,0.0047665,4.380974499999992,32.3465,0.626427,768,1894
1895,0.004529,4.385503499999992,32.3465,0.626427,768,1895
1896,0.004724,4.390227499999992,32.3465,0.626427,768,1896
1897,0.0048955,4.395122999999992,32.3465,0.626427,768,1897
1898,0.0047112,4.399834199999992,32.3465,0.626427,768,1898
1899,0.0047195,4.404553699999992,32.3465,0.626427,768,1899
1900,0.0047943,4.4093479999999925,32.3465,0.626427,768,1900
1901,0.0046817,4.414029699999992,32.3465,0.626427,768,1901
1902,0.0047132,4.418742899999993,32.3465,0.626427,768,1902
1903,0.0046873,4.423430199999992,32.3465,0.626427,768,1903
1904,0.0050152,4.428445399999992,32.3465,0.626427,768,1904
1905,0.0050139,4.433459299999992,32.3465,0.626427,768,1905
1906,0.0047353,4.438194599999992,32.3465,0.626427,768,1906
1907,0.0048353,4.443029899999992,32.3465,0.626427,768,1907
1908,0.0048233,4.447853199999992,32.3465,0.626427,768,1908
1909,0.0046756,4.452528799999992,32.3465,0.625612,767,1909
1910,0.004329,4.456857799999992,32.3465,0.625612,767,1910
1911,0.0048423,4.461700099999992,32.3465,0.625612,767,1911
1912,0.0046447,4.466344799999992,32.3465,0.625612,767,1912
1913,0.0045131,4.4708578999999915,32.3465,0.625612,767,1913
1914,0.0046189,4.475476799999991,32.3465,0.625612,767,1914
1915,0.0046423,4.480119099999992,32.3465,0.625612,767,1915
1916,0.0057642,4.485883299999991,32.3465,0.625612,767,1916
1917,0.0044361,4.490319399999992,32.3465,0.625612,767,1917
1918,0.0046143,4.494933699999992,32.3465,0.625612,767,1918
1919,0.0046722,4.499605899999992,32.3465,0.625612,767,1919
1920,0.004489,4.504094899999992,32.3465,0.625612,767,1920
1921,0.0045748,4.5086696999999925,32.3465,0.625612,767,1921
1922,0.0046854,4.513355099999992,32.3465,0.625612,767,1922
1923,0.004515,4.517870099999992,32.3465,0.625612,767,1923
1924,0.0044759,4.522345999999992,32.3465,0.625612,767,1924
1925,0.0048351,4.527181099999992,32.3465,0.625612,767,1925
1926,0.0048256,4.532006699999992,32.3465,0.625612,767,1926
1927,0.004495,4.5365016999999925,32.3465,0.625612,767,1927
1928,0.004543,4.5410446999999925,32.3465,0.625612,767,1928
1929,0.0046968,4.545741499999992,32.3465,0.625612,767,1929
1930,0.0046069,4.550348399999992,32.3465,0.625612,767,1930
1931,0.0044429,4.554791299999992,32.3465,0.625612,767,1931
1932,0.0047313,4.559522599999992,32.3465,0.625612,767,1932
1933,0.0045643,4.564086899999992,32.3465,0.625612,767,1933
1934,0.0045429,4.568629799999992,32.3465,0.625612,767,1934
1935,0.0045386,4.573168399999992,32.3465,0.625612,767,1935
1936,0.0049555,4.5781238999999925,32.3465,0.625612,767,1936
1937,0.0046206,4.5827444999999924,32.3465,0.625612,767,1937
1938,0.0045496,4.587294099999992,32.3465,0.625612,767,1938
1939,0.0047534,4.5920474999999925,32.3465,0.625612,767,1939
1940,0.0047276,4.596775099999992,32.3465,0.625612,767,1940
1941,0.0045822,4.601357299999992,32.3465,0.625612,767,1941
1942,0.0046033,4.605960599999992,32.3465,0.624796,766,1941
1943,0.0047963,4.610756899999992,32.3465,0.624796,766,1942
1944,0.0047479,4.615504799999992,32.3465,0.624796,766,1943
1945,0.0045232,4.6200279999999925,32.3465,0.624796,766,1944
1946,0.004649,4.624676999999992,32.3465,0.624796,766,1945
1947,0.0048906,4.629567599999993,32.3465,0.624796,766,1946
1948,0.0045098,4.634077399999993,32.3465,0.624796,766,1947
1949,0.0045848,4.638662199999993,32.3465,0.624796,766,1948
1950,0.0048955,4.643557699999993,32.3465,0.624796,766,1949
1951,0.0048237,4.648381399999993,32.3465,0.624796,766,1950
1952,0.0044673,4.652848699999993,32.3465,0.624796,766,1951
1953,0.0046092,4.657457899999993,32.3465,0.624796,766,1952
1954,0.004937,4.662394899999993,32.3465,0.624796,766,1953
1955,0.0046505,4.667045399999993,32.3465,0.624796,766,1954
1956,0.0046834,4.671728799999993,32.3465,0.624796,766,1955
1957,0.0048603,4.676589099999993,32.3465,0.624796,766,1956
1958,0.0048709,4.681459999999993,32.3465,0.624796,766,1957
1959,0.0046738,4.686133799999993,32.3465,0.624796,766,1958
1960,0.0047887,4.690922499999993,32.3465,0.624796,766,1959
1961,0.0048326,4.695755099999993,32.3465,0.624796,766,1960
1962,0.0047518,4.7005068999999935,32.3465,0.624796,766,1961
1963,0.004653,4.705159899999994,32.3465,0.624796,766,1962
1964,0.0049306,4.7100904999999935,32.3465,0.624796,766,1963
1965,0.0047316,4.714822099999994,32.3465,0.624796,766,1964
1966,0.0046006,4.719422699999994,32.3465,0.624796,766,1965
1967,0.0046372,4.724059899999994,32.3465,0.624796,766,1966
1968,0.0049889,4.729048799999994,32.3465,0.624796,766,1967
1969,0.0079111,4.736959899999994,32.3465,0.624796,766,1968
1970,0.0047013,4.741661199999994,32.3465,0.624796,766,1969
1971,0.0047453,4.746406499999994,32.3465,0.624796,766,1970
1972,0.0045437,4.750950199999994,32.3465,0.624796,766,1971
1973,0.0045649,4.755515099999994,32.3465,0.624796,766,1972
1974,0.0048246,4.760339699999994,32.3465,0.624796,766,1973
1975,0.0046636,4.765003299999994,32.3465,0.624796,766,1974
1976,0.0045224,4.769525699999994,32.3465,0.624796,766,1975
1977,0.0047723,4.774297999999994,32.3465,0.624796,766,1976
1978,0.0048073,4.779105299999994,32.3465,0.624796,766,1977
1979,0.0046081,4.783713399999994,32.3465,0.62398,765,1978
1980,0.0046676,4.788380999999994,32.3465,0.62398,765,1979
1981,0.0049762,4.793357199999994,32.3465,0.62398,765,1980
1982,0.0048095,4.798166699999994,32.3465,0.62398,765,1981
1983,0.004712,4.802878699999994,32.3465,0.62398,765,1982
1984,0.004741,4.807619699999994,32.3465,0.62398,765,1983
1985,0.0048912,4.812510899999994,32.3465,0.62398,765,1984
1986,0.0047328,4.817243699999994,32.3465,0.62398,765,1985
1987,0.0046562,4.821899899999995,32.3465,0.62398,765,1986
1988,0.0096521,4.831551999999995,32.3465,0.62398,765,1987
1989,0.0046477,4.8361996999999946,32.3465,0.62398,765,1988
1990,0.0047066,4.840906299999994,32.3465,0.62398,765,1989
1991,0.0048434,4.8457496999999945,32.3465,0.62398,765,1990
1992,0.0045026,4.850252299999995,32.3465,0.62398,765,1991
1993,0.0046782,4.854930499999995,32.3465,0.62398,765,1992
1994,0.0049685,4.859898999999995,32.3465,0.62398,765,1993
1995,0.0048801,4.864779099999995,32.3465,0.62398,765,1994
1996,0.0045929,4.869371999999995,32.3465,0.62398,765,1995
1997,0.0048035,4.874175499999995,32.3465,0.62398,765,1996
1998,0.0048238,4.878999299999995,32.3465,0.62398,765,1997
1999,0.004647,4.883646299999995,32.3465,0.62398,765,1998
2000,0.0045757,4.888221999999995,32.3465,0.62398,765,1999
2001,0.0051386,4.893360599999996,32.3465,0.62398,765,2000
2002,0.004881,4.898241599999996,32.3465,0.62398,765,2001
2003,0.0047182,4.902959799999996,32.3465,0.62398,765,2002
2004,0.0048457,4.907805499999996,32.3465,0.62398,765,2003
2005,0.0048592,4.912664699999996,32.3465,0.62398,765,2004
2006,0.0047097,4.917374399999996,32.3465,0.62398,765,2005
2007,0.004704,4.922078399999997,32.3465,0.623165,764,2006
2008,0.0049852,4.927063599999997,32.3465,0.623165,764,2007
2009,0.0048066,4.931870199999997,32.3465,0.623165,764,2008
2010,0.0047762,4.936646399999997,32.3465,0.623165,764,2009
2011,0.0050129,4.941659299999997,32.3465,0.623165,764,2010
2012,0.0049269,4.946586199999997,32.3465,0.623165,764,2011
2013,0.004781,4.951367199999997,32.3465,0.623165,764,2012
2014,0.0049624,4.9563295999999974,32.3465,0.623165,764,2013
2015,0.0049911,4.961320699999997,32.3465,0.623165,764,2014
2016,0.0048776,4.966198299999998,32.3465,0.623165,764,2015
2017,0.0049467,4.971144999999997,32.3465,0.623165,764,2016
2018,0.0049334,4.976078399999997,32.3465,0.623165,764,2017
2019,0.0050236,4.981101999999997,32.3465,0.623165,764,2018
2020,0.0047287,4.9858306999999975,32.3465,0.623165,764,2019
2021,0.0048707,4.990701399999997,32.3465,0.623165,764,2020
2022,0.0049499,4.995651299999997,32.3465,0.623165,764,2021
2023,0.004749,5.000400299999997,32.3465,0.623165,764,2022
2024,0.0047901,5.005190399999997,32.3465,0.623165,764,2023
2025,0.0050406,5.010230999999997,32.3465,0.623165,764,2024
2026,0.004977,5.015207999999998,32.3465,0.623165,764,2025
2027,0.004819,5.020026999999998,32.3465,0.623165,764,2026
2028,0.0049321,5.0249590999999985,32.3465,0.623165,764,2027
2029,0.0049155,5.0298745999999985,32.3465,0.623165,764,2028
2030,0.0048271,5.0347016999999985,32.3465,0.623165,764,2029
2031,0.0048933,5.0395949999999985,32.3465,0.623165,764,2030
2032,0.0051195,5.044714499999999,32.3465,0.623165,764,2031
2033,0.0067599,5.051474399999998,32.3465,0.623165,764,2032
2034,0.0048713,5.056345699999998,32.3465,0.622349,763,2033
2035,0.0048825,5.061228199999998,32.3465,0.622349,763,2034
2036,0.0048057,5.066033899999998,32.3465,0.622349,763,2035
2037,0.0048384,5.070872299999998,32.3465,0.622349,763,2036
2038,0.0050587,5.075930999999998,32.3465,0.622349,763,2037
2039,0.0049647,5.080895699999998,32.3465,0.622349,763,2038
2040,0.0047487,5.085644399999999,32.3465,0.622349,763,2039
2041,0.0051177,5.090762099999998,32.3465,0.622349,763,2040
2042,0.0049007,5.095662799999999,32.3465,0.622349,763,2041
2043,0.0049388,5.100601599999998,32.3465,0.622349,763,2042
2044,0.0048024,5.105403999999998,32.3465,0.622349,763,2043
2045,0.005093,5.110496999999998,32.3465,0.622349,763,2044
2046,0.0049375,5.115434499999997,32.3465,0.622349,763,2045
2047,0.0047184,5.120152899999997,32.3465,0.622349,763,2046
2048,0.0051516,5.125304499999997,32.3465,0.622349,763,2047
2049,0.0050143,5.130318799999997,32.3465,0.622349,763,2048
2050,0.0049326,5.135251399999997,32.3465,0.622349,763,2049
2051,0.0050755,5.140326899999997,32.3465,0.622349,763,2050
2052,0.0053084,5.145635299999997,32.3465,0.622349,763,2051
2053,0.005009,5.150644299999997,32.3465,0.622349,763,2052
2054,0.0051738,5.155818099999997,32.3465,0.622349,763,2053
2055,0.0051634,5.160981499999997,32.3465,0.622349,763,2054
2056,0.0050391,5.166020599999997,32.3465,0.622349,763,2055
2057,0.0051707,5.171191299999997,32.3465,0.622349,763,2056
2058,0.0053633,5.176554599999997,32.3465,0.621533,762,2057
2059,0.0053719,5.181926499999997,32.3465,0.621533,762,2058
2060,0.0053925,5.187318999999997,32.3465,0.621533,762,2059
2061,0.0054334,5.192752399999997,32.3465,0.621533,762,2060
2062,0.0052342,5.1979865999999975,32.3465,0.621533,762,2061
2063,0.0050867,5.203073299999997,32.3465,0.621533,762,2062
2064,0.0053941,5.208467399999997,32.3465,0.621533,762,2063
2065,0.0050758,5.2135431999999975,32.3465,0.621533,762,2064
2066,0.0048594,5.2184025999999974,32.3465,0.621533,762,2065
2067,0.0051117,5.223514299999997,32.3465,0.621533,762,2066
2068,0.0049382,5.228452499999997,32.3465,0.621533,762,2067
2069,0.0049188,5.233371299999996,32.3465,0.621533,762,2068
2070,0.0049449,5.238316199999996,32.3465,0.621533,762,2069
2071,0.0051516,5.243467799999996,32.3465,0.621533,762,2070
2072,0.0049608,5.248428599999996,32.3465,0.621533,762,2071
2073,0.0048296,5.253258199999996,32.3465,0.621533,762,2072
2074,0.005204,5.258462199999996,32.3465,0.620718,761,2073
2075,0.0049861,5.263448299999996,32.3465,0.620718,761,2074
2076,0.004844,5.268292299999996,32.3465,0.620718,761,2075
2077,0.0052075,5.273499799999996,32.3465,0.620718,761,2076
2078,0.0050313,5.278531099999996,32.3465,0.620718,761,2077
2079,0.0049703,5.283501399999996,32.3465,0.620718,761,2078
2080,0.0050472,5.288548599999996,32.3465,0.620718,761,2079
2081,0.0052442,5.293792799999996,32.3465,0.620718,761,2080
2082,0.0050913,5.298884099999996,32.3465,0.620718,761,2081
2083,0.0049355,5.303819599999996,32.3465,0.620718,761,2082
2084,0.0052502,5.309069799999996,32.3465,0.620718,761,2083
2085,0.0051426,5.314212399999996,32.3465,0.620718,761,2084
2086,0.00473,5.3189423999999965,32.3465,0.620718,761,2085
2087,0.0050186,5.323960999999996,32.3465,0.620718,761,2086
2088,0.0050964,5.329057399999996,32.3465,0.620718,761,2087
2089,0.0048761,5.333933499999996,32.3465,0.620718,761,2088
2090,0.0050868,5.339020299999996,32.3465,0.620718,761,2089
2091,0.0050864,5.344106699999996,32.3465,0.620718,761,2090
2092,0.0049085,5.349015199999996,32.3465,0.620718,761,2091
2093,0.0048117,5.353826899999996,32.3465,0.619902,760,2092
2094,0.0052305,5.359057399999996,32.3465,0.619902,760,2093
2095,0.0051783,5.364235699999996,32.3465,0.619902,760,2094
2096,0.0048704,5.369106099999995,32.3465,0.619902,760,2095
2097,0.0051071,5.374213199999995,32.3465,0.619902,760,2096
2098,0.0050996,5.379312799999996,32.3465,0.619902,760,2097
2099,0.0048646,5.384177399999996,32.3465,0.619902,760,2098
2100,0.0050767,5.389254099999996,32.3465,0.619902,760,2099
2101,0.0053772,5.394631299999996,32.3465,0.619902,760,2100
2102,0.005,5.399631299999996,32.3465,0.619902,760,2101
2103,0.0050633,5.404694599999996,32.3465,0.619902,760,2102
2104,0.0053057,5.410000299999996,32.3465,0.619902,760,2103
2105,0.005082,5.4150822999999955,32.3465,0.619902,760,2104
2106,0.0050734,5.420155699999995,32.3465,0.619902,760,2105
2107,0.0052503,5.425405999999995,32.3465,0.619902,760,2106
2108,0.0049119,5.430317899999995,32.3465,0.619902,760,2107
2109,0.0048308,5.435148699999995,32.3465,0.619902,760,2108
2110,0.005117,5.440265699999995,32.3465,0.619902,760,2109
2111,0.0052532,5.445518899999995,32.3465,0.619902,760,2110
2112,0.0048861,5.4504049999999955,32.3465,0.619902,760,2111
2113,0.0052549,5.455659899999995,32.3465,0.619902,760,2112
2114,0.0051646,5.460824499999995,32.3465,0.619902,760,2113
2115,0.0049304,5.465754899999995,32.3465,0.619902,760,2114
2116,0.0051379,5.470892799999995,32.3465,0.619902,760,2115
2117,0.0052163,5.476109099999995,32.3465,0.619902,760,2116
2118,0.005057,5.481166099999995,32.3465,0.619902,760,2117
2119,0.0049789,5.486144999999995,32.3465,0.619902,760,2118
2120,0.0054543,5.491599299999995,32.3465,0.619902,760,2119
2121,0.0050226,5.496621899999996,32.3465,0.619902,760,2120
2122,0.0049234,5.501545299999996,32.3465,0.619902,760,2121
2123,0.0052785,5.506823799999996,32.3465,0.619902,760,2122
2124,0.0051366,5.511960399999996,32.3465,0.619902,760,2123
2125,0.0049035,5.516863899999996,32.3465,0.619902,760,2124
2126,0.0051339,5.521997799999996,32.3465,0.619902,760,2125
2127,0.0051668,5.527164599999995,32.3465,0.619902,760,2126
2128,0.0047963,5.531960899999995,32.3465,0.619902,760,2127
2129,0.0050876,5.537048499999996,32.3465,0.619086,759,2128
2130,0.005374,5.542422499999995,32.3465,0.619086,759,2129
2131,0.0050712,5.547493699999995,32.3465,0.619086,759,2130
2132,0.0050102,5.552503899999995,32.3465,0.619086,759,2131
2133,0.0053005,5.557804399999995,32.3465,0.619086,759,2132
2134,0.005077,5.562881399999995,32.3465,0.619086,759,2133
2135,0.0049603,5.5678416999999945,32.3465,0.619086,759,2134
2136,0.0053055,5.573147199999995,32.3465,0.619086,759,2135
2137,0.0050924,5.5782395999999945,32.3465,0.619086,759,2136
2138,0.0049523,5.583191899999995,32.3465,0.619086,759,2137
2139,0.0052143,5.588406199999994,32.3465,0.619086,759,2138
2140,0.0052122,5.593618399999994,32.3465,0.619086,759,2139
2141,0.0051125,5.598730899999994,32.3465,0.619086,759,2140
2142,0.0052037,5.603934599999994,32.3465,0.619086,759,2141
2143,0.0053622,5.609296799999995,32.3465,0.619086,759,2142
2144,0.0050508,5.614347599999995,32.3465,0.619086,759,2143
2145,0.0049486,5.619296199999995,32.3465,0.619086,759,2144
2146,0.0052647,5.624560899999994,32.3465,0.619086,759,2145
2147,0.0051506,5.629711499999995,32.3465,0.619086,759,2146
2148,0.0050639,5.634775399999994,32.3465,0.619086,759,2147
2149,0.0053608,5.640136199999994,32.3465,0.619086,759,2148
2150,0.0051786,5.645314799999994,32.3465,0.619086,759,2149
2151,0.0051039,5.650418699999994,32.3465,0.619086,759,2150
2152,0.0052208,5.655639499999994,32.3465,0.619086,759,2151
2153,0.0053434,5.660982899999994,32.3465,0.619086,759,2152
2154,0.0050159,5.665998799999994,32.3465,0.619086,759,2153
2155,0.0052143,5.671213099999994,32.3465,0.619086,759,2154
2156,0.0053333,5.676546399999994,32.3465,0.619086,759,2155
2157,0.0050149,5.681561299999994,32.3465,0.619086,759,2156
2158,0.005051,5.686612299999994,32.3465,0.619086,759,2157
2159,0.0053454,5.691957699999994,32.3465,0.619086,759,2158
2160,0.0050604,5.697018099999994,32.3465,0.619086,759,2159
2161,0.0050381,5.702056199999994,32.3465,0.619086,759,2160
2162,0.0054358,5.707491999999994,32.3465,0.618271,758,2161
2163,0.0051366,5.712628599999994,32.3465,0.618271,758,2162
2164,0.0049741,5.717602699999994,32.3465,0.618271,758,2163
2165,0.0054103,5.723012999999995,32.3465,0.618271,758,2164
2166,0.0051819,5.728194899999995,32.3465,0.618271,758,2165
2167,0.0050987,5.733293599999994,32.3465,0.618271,758,2166
2168,0.005294,5.7385875999999945,32.3465,0.618271,758,2167
2169,0.0052564,5.743843999999995,32.3465,0.618271,758,2168
2170,0.0050202,5.7488641999999945,32.3465,0.618271,758,2169
2171,0.0053313,5.7541954999999945,32.3465,0.618271,758,2170
2172,0.0052866,5.759482099999994,32.3465,0.618271,758,2171
2173,0.0050599,5.764541999999994,32.3465,0.618271,758,2172
2174,0.0052922,5.769834199999995,32.3465,0.618271,758,2173
2175,0.005416,5.775250199999995,32.3465,0.618271,758,2174
2176,0.0050505,5.780300699999995,32.3465,0.618271,758,2175
2177,0.0052562,5.785556899999995,32.3465,0.618271,758,2176
2178,0.0054326,5.790989499999995,32.3465,0.618271,758,2177
2179,0.0051837,5.796173199999995,32.3465,0.618271,758,2178
2180,0.0050653,5.801238499999995,32.3465,0.618271,758,2179
2181,0.0053906,5.806629099999995,32.3465,0.618271,758,2180
2182,0.0053329,5.811961999999995,32.3465,0.618271,758,2181
2183,0.0050538,5.817015799999995,32.3465,0.618271,758,2182
2184,0.005367,5.822382799999994,32.3465,0.618271,758,2183
2185,0.0052759,5.827658699999994,32.3465,0.618271,758,2184
2186,0.0050932,5.8327518999999945,32.3465,0.618271,758,2185
2187,0.0052862,5.838038099999994,32.3465,0.618271,758,2186
2188,0.0053714,5.843409499999994,32.3465,0.618271,758,2187
2189,0.0050479,5.848457399999994,32.3465,0.618271,758,2188
2190,0.0052125,5.853669899999994,32.3465,0.618271,758,2189
2191,0.0053308,5.859000699999994,32.3465,0.618271,758,2190
2192,0.0052296,5.864230299999994,32.3465,0.618271,758,2191
2193,0.0052271,5.869457399999994,32.3465,0.617455,757,2192
2194,0.0055996,5.875056999999994,32.3465,0.617455,757,2193
2195,0.0052427,5.880299699999994,32.3465,0.617455,757,2194
2196,0.0053596,5.885659299999994,32.3465,0.617455,757,2195
2197,0.0054809,5.891140199999994,32.3465,0.617455,757,2196
2198,0.0052885,5.896428699999994,32.3465,0.617455,757,2197
2199,0.0051423,5.901570999999994,32.3465,0.617455,757,2198
2200,0.0054612,5.907032199999994,32.3465,0.617455,757,2199
2201,0.0053533,5.912385499999995,32.3465,0.617455,757,2200
2202,0.0051,5.917485499999994,32.3465,0.617455,757,2201
2203,0.005437,5.922922499999994,32.3465,0.617455,757,2202
2204,0.0053504,5.928272899999994,32.3465,0.617455,757,2203
2205,0.0051592,5.933432099999994,32.3465,0.617455,757,2204
2206,0.0054296,5.938861699999994,32.3465,0.617455,757,2205
2207,0.0052488,5.9441104999999945,32.3465,0.617455,757,2206
2208,0.0051059,5.949216399999995,32.3465,0.617455,757,2207
2209,0.0054722,5.954688599999995,32.3465,0.617455,757,2208
2210,0.0053836,5.960072199999995,32.3465,0.617455,757,2209
2211,0.0051399,5.965212099999994,32.3465,0.617455,757,2210
2212,0.0053668,5.970578899999994,32.3465,0.617455,757,2211
2213,0.0055055,5.976084399999994,32.3465,0.617455,757,2212
2214,0.0052987,5.981383099999994,32.3465,0.617455,757,2213
2215,0.0054778,5.986860899999995,32.3465,0.617455,757,2214
2216,0.0054844,5.992345299999995,32.3465,0.617455,757,2215
2217,0.0052627,5.997607999999995,32.3465,0.617455,757,2216
2218,0.0054212,6.003029199999995,32.3465,0.617455,757,2217
2219,0.0055211,6.008550299999995,32.3465,0.617455,757,2218
2220,0.0051719,6.013722199999995,32.3465,0.617455,757,2219
2221,0.0053411,6.019063299999995,32.3465,0.617455,757,2220
2222,0.0055057,6.024568999999994,32.3465,0.617455,757,2221
2223,0.0051302,6.029699199999994,32.3465,0.617455,757,2222
2224,0.0052181,6.034917299999994,32.3465,0.617455,757,2223
2225,0.0055351,6.040452399999994,32.3465,0.616639,756,2224
2226,0.0053167,6.045769099999994,32.3465,0.616639,756,2225
2227,0.0053844,6.051153499999994,32.3465,0.616639,756,2226
2228,0.0056552,6.056808699999993,32.3465,0.616639,756,2227
2229,0.0053539,6.0621625999999935,32.3465,0.616639,756,2228
2230,0.0051865,6.067349099999993,32.3465,0.616639,756,2229
2231,0.0054929,6.072841999999993,32.3465,0.616639,756,2230
2232,0.0053298,6.078171799999994,32.3465,0.616639,756,2231
2233,0.0053045,6.083476299999994,32.3465,0.616639,756,2232
2234,0.0055066,6.088982899999994,32.3465,0.616639,756,2233
2235,0.0054137,6.094396599999994,32.3465,0.616639,756,2234
2236,0.005185,6.099581599999994,32.3465,0.616639,756,2235
2237,0.0055939,6.105175499999994,32.3465,0.616639,756,2236
2238,0.0054853,6.1106607999999945,32.3465,0.616639,756,2237
2239,0.0052449,6.115905699999995,32.3465,0.616639,756,2238
2240,0.0055625,6.1214681999999945,32.3465,0.616639,756,2239
2241,0.0054073,6.126875499999994,32.3465,0.616639,756,2240
2242,0.0052759,6.132151399999994,32.3465,0.616639,756,2241
2243,0.0055956,6.137746999999995,32.3465,0.616639,756,2242
2244,0.0054198,6.143166799999995,32.3465,0.616639,756,2243
2245,0.0052419,6.148408699999995,32.3465,0.616639,756,2244
2246,0.0056138,6.154022499999995,32.3465,0.616639,756,2245
2247,0.0055238,6.159546299999994,32.3465,0.616639,756,2246
2248,0.0052457,6.164791999999994,32.3465,0.616639,756,2247
2249,0.0056866,6.170478599999994,32.3465,0.616639,756,2248
2250,0.0055859,6.176064499999994,32.3465,0.615824,755,2249
2251,0.0057579,6.1818223999999935,32.3465,0.615824,755,2250
2252,0.005491,6.187313399999994,32.3465,0.615824,755,2251
2253,0.0056522,6.192965599999994,32.3465,0.615824,755,2252
2254,0.0053277,6.198293299999993,32.3465,0.615824,755,2253
2255,0.0057861,6.204079399999993,32.3465,0.615824,755,2254
2256,0.0053917,6.209471099999993,32.3465,0.615824,755,2255
2257,0.0053615,6.214832599999993,32.3465,0.615824,755,2256
2258,0.0056416,6.220474199999993,32.3465,0.615824,755,2257
2259,0.0054996,6.225973799999993,32.3465,0.615824,755,2258
2260,0.0053443,6.231318099999993,32.3465,0.615824,755,2259
2261,0.0056994,6.237017499999993,32.3465,0.615824,755,2260
2262,0.0054339,6.242451399999993,32.3465,0.615824,755,2261
2263,0.0052268,6.247678199999993,32.3465,0.615824,755,2262
2264,0.0057327,6.253410899999993,32.3465,0.615824,755,2263
2265,0.0057083,6.2591191999999936,32.3465,0.615824,755,2264
2266,0.0053032,6.264422399999994,32.3465,0.615824,755,2265
2267,0.0056335,6.270055899999994,32.3465,0.615824,755,2266
2268,0.0056842,6.275740099999994,32.3465,0.615824,755,2267
2269,0.005329,6.281069099999994,32.3465,0.615824,755,2268
2270,0.0056401,6.286709199999994,32.3465,0.615824,755,2269
2271,0.0055732,6.292282399999993,32.3465,0.615824,755,2270
2272,0.0054827,6.297765099999993,32.3465,0.615824,755,2271
2273,0.0055384,6.303303499999993,32.3465,0.615824,755,2272
2274,0.0055797,6.308883199999993,32.3465,0.615824,755,2273
2275,0.0052889,6.314172099999993,32.3465,0.615824,755,2274
2276,0.0057086,6.3198806999999935,32.3465,0.615824,755,2275
2277,0.0055589,6.325439599999993,32.3465,0.615824,755,2276
2278,0.0053448,6.330784399999993,32.3465,0.615008,754,2277
2279,0.0056478,6.336432199999993,32.3465,0.615008,754,2278
2280,0.0056565,6.342088699999993,32.3465,0.615008,754,2279
2281,0.0053593,6.347447999999993,32.3465,0.615008,754,2280
2282,0.0056764,6.3531243999999925,32.3465,0.615008,754,2281
2283,0.0055976,6.358721999999992,32.3465,0.615008,754,2282
2284,0.0052926,6.364014599999992,32.3465,0.615008,754,2283
2285,0.0056055,6.369620099999992,32.3465,0.615008,754,2284
2286,0.005539,6.375159099999991,32.3465,0.615008,754,2285
2287,0.0054611,6.380620199999991,32.3465,0.615008,754,2286
2288,0.0057046,6.386324799999991,32.3465,0.615008,754,2287
2289,0.0057452,6.392069999999991,32.3465,0.615008,754,2288
2290,0.0053777,6.397447699999991,32.3465,0.615008,754,2289
2291,0.0075681,6.405015799999991,32.3465,0.615008,754,2290
2292,0.0055599,6.410575699999991,32.3465,0.615008,754,2291
2293,0.0052222,6.415797899999991,32.3465,0.615008,754,2292
2294,0.0056786,6.421476499999992,32.3465,0.615008,754,2293
2295,0.0056594,6.427135899999992,32.3465,0.615008,754,2294
2296,0.0053827,6.432518599999992,32.3465,0.615008,754,2295
2297,0.0058465,6.4383650999999915,32.3465,0.615008,754,2296
2298,0.0054983,6.443863399999992,32.3465,0.615008,754,2297
2299,0.0053246,6.4491879999999915,32.3465,0.615008,754,2298
2300,0.00583,6.455017999999991,32.3465,0.615008,754,2299
2301,0.0055752,6.460593199999991,32.3465,0.615008,754,2300
2302,0.0054023,6.465995499999991,32.3465,0.615008,754,2301
2303,0.0058902,6.471885699999991,32.3465,0.615008,754,2302
2304,0.0055987,6.477484399999991,32.3465,0.615008,754,2303
2305,0.0055225,6.483006899999991,32.3465,0.615008,754,2304
2306,0.0057113,6.48871819999999,32.3465,0.615008,754,2305
2307,0.0059099,6.49462809999999,32.3465,0.615008,754,2306
2308,0.0056679,6.50029599999999,32.3465,0.615008,754,2307
2309,0.0057249,6.50602089999999,32.3465,0.615008,754,2308
2310,0.0055081,6.51152899999999,32.3465,0.615008,754,2309
2311,0.0055423,6.51707129999999,32.3465,0.615008,754,2310
2312,0.0056767,6.52274799999999,32.3465,0.615008,754,2311
2313,0.0053992,6.5281471999999905,32.3465,0.615008,754,2312
2314,0.0055699,6.533717099999991,32.3465,0.614192,753,2313
2315,0.0057663,6.539483399999991,32.3465,0.614192,753,2314
2316,0.0054126,6.544895999999991,32.3465,0.614192,753,2315
2317,0.0055674,6.550463399999991,32.3465,0.614192,753,2316
2318,0.00579,6.556253399999991,32.3465,0.614192,753,2317
2319,0.0054764,6.561729799999991,32.3465,0.614192,753,2318
2320,0.005698,6.567427799999991,32.3465,0.614192,753,2319
2321,0.0058131,6.573240899999991,32.3465,0.614192,753,2320
2322,0.0055199,6.5787607999999915,32.3465,0.614192,753,2321
2323,0.0057147,6.584475499999992,32.3465,0.614192,753,2322
2324,0.0056859,6.5901613999999915,32.3465,0.614192,753,2323
2325,0.0054485,6.5956098999999915,32.3465,0.614192,753,2324
2326,0.0056888,6.601298699999991,32.3465,0.614192,753,2325
2327,0.0057175,6.6070161999999915,32.3465,0.614192,753,2326
2328,0.0054608,6.612476999999991,32.3465,0.614192,753,2327
2329,0.0057277,6.618204699999991,32.3465,0.614192,753,2328
2330,0.005804,6.624008699999991,32.3465,0.614192,753,2329
2331,0.0055249,6.629533599999991,32.3465,0.614192,753,2330
2332,0.0057785,6.635312099999991,32.3465,0.614192,753,2331
2333,0.005754,6.641066099999991,32.3465,0.614192,753,2332
2334,0.0054331,6.646499199999991,32.3465,0.614192,753,2333
2335,0.0057752,6.652274399999992,32.3465,0.614192,753,2334
2336,0.0057025,6.6579768999999915,32.3465,0.614192,753,2335
2337,0.00547,6.663446899999991,32.3465,0.614192,753,2336
2338,0.0057992,6.669246099999992,32.3465,0.614192,753,2337
2339,0.0058108,6.6750568999999915,32.3465,0.614192,753,2338
2340,0.0054474,6.680504299999992,32.3465,0.614192,753,2339
2341,0.0058917,6.686395999999992,32.3465,0.614192,753,2340
2342,0.0056631,6.692059099999992,32.3465,0.614192,753,2341
2343,0.0105704,6.702629499999992,32.3465,0.614192,753,2342
2344,0.0055646,6.708194099999991,32.3465,0.614192,753,2343
2345,0.0054582,6.713652299999991,32.3465,0.614192,753,2344
2346,0.0057306,6.7193828999999905,32.3465,0.614192,753,2345
2347,0.0053944,6.724777299999991,32.3465,0.613377,752,2346
2348,0.0055069,6.730284199999991,32.3465,0.613377,752,2347
2349,0.0057594,6.736043599999991,32.3465,0.613377,752,2348
2350,0.0055016,6.74154519999999,32.3465,0.613377,752,2349
2351,0.0054644,6.74700959999999,32.3465,0.613377,752,2350
2352,0.0057141,6.75272369999999,32.3465,0.613377,752,2351
2353,0.0057415,6.75846519999999,32.3465,0.613377,752,2352
2354,0.0054924,6.76395759999999,32.3465,0.613377,752,2353
2355,0.0058941,6.76985169999999,32.3465,0.613377,752,2354
2356,0.0057158,6.7755674999999895,32.3465,0.613377,752,2355
2357,0.0054079,6.780975399999989,32.3465,0.613377,752,2356
2358,0.0059384,6.786913799999989,32.3465,0.613377,752,2357
2359,0.005733,6.792646799999989,32.3465,0.613377,752,2358
2360,0.0055909,6.798237699999989,32.3465,0.613377,752,2359
2361,0.0058961,6.804133799999989,32.3465,0.613377,752,2360
2362,0.005591,6.809724799999989,32.3465,0.613377,752,2361
2363,0.0055118,6.815236599999989,32.3465,0.613377,752,2362
2364,0.0063233,6.821559899999989,32.3465,0.613377,752,2363
2365,0.0054871,6.827046999999989,32.3465,0.613377,752,2364
2366,0.0056884,6.832735399999989,32.3465,0.613377,752,2365
2367,0.0058944,6.838629799999989,32.3465,0.613377,752,2366
2368,0.0056284,6.844258199999989,32.3465,0.613377,752,2367
2369,0.0058204,6.850078599999989,32.3465,0.613377,752,2368
2370,0.0059627,6.85604129999999,32.3465,0.613377,752,2369
2371,0.0055962,6.86163749999999,32.3465,0.613377,752,2370
2372,0.0060143,6.86765179999999,32.3465,0.613377,752,2371
2373,0.0057061,6.8733578999999905,32.3465,0.613377,752,2372
2374,0.0055017,6.87885959999999,32.3465,0.613377,752,2373
2375,0.0058298,6.88468939999999,32.3465,0.613377,752,2374
2376,0.0057993,6.89048869999999,32.3465,0.613377,752,2375
2377,0.0055973,6.89608599999999,32.3465,0.613377,752,2376
2378,0.0061737,6.9022596999999895,32.3465,0.613377,752,2377
2379,0.0060252,6.908284899999989,32.3465,0.613377,752,2378
2380,0.0061105,6.914395399999989,32.3465,0.613377,752,2379
2381,0.0063593,6.920754699999989,32.3465,0.613377,752,2380
2382,0.0061405,6.926895199999989,32.3465,0.613377,752,2381
2383,0.0066659,6.933561099999989,32.3465,0.612561,751,2382
2384,0.0060657,6.9396267999999885,32.3465,0.612561,751,2383
2385,0.0061148,6.945741599999988,32.3465,0.612561,751,2384
2386,0.0061912,6.951932799999988,32.3465,0.612561,751,2385
2387,0.0062899,6.958222699999988,32.3465,0.612561,751,2386
2388,0.0056047,6.963827399999988,32.3465,0.612561,751,2387
2389,0.0059536,6.969780999999988,32.3465,0.612561,751,2388
2390,0.0057903,6.975571299999988,32.3465,0.612561,751,2389
2391,0.005759,6.981330299999988,32.3465,0.612561,751,2390
2392,0.0060043,6.987334599999988,32.3465,0.612561,751,2391
2393,0.0058064,6.993140999999988,32.3465,0.612561,751,2392
2394,0.0062149,6.999355899999988,32.3465,0.612561,751,2393
2395,0.0058789,7.005234799999988,32.3465,0.612561,751,2394
2396,0.0056457,7.010880499999987,32.3465,0.612561,751,2395
2397,0.0058169,7.0166973999999875,32.3465,0.612561,751,2396
2398,0.0059106,7.0226079999999875,32.3465,0.612561,751,2397
2399,0.0056953,7.028303299999988,32.3465,0.612561,751,2398
2400,0.0059789,7.034282199999987,32.3465,0.612561,751,2399
2401,0.0059687,7.040250899999988,32.3465,0.612561,751,2400
2402,0.0056824,7.045933299999988,32.3465,0.612561,751,2401
2403,0.0060473,7.051980599999988,32.3465,0.612561,751,2402
2404,0.0057643,7.057744899999988,32.3465,0.612561,751,2403
2405,0.005557,7.0633018999999875,32.3465,0.612561,751,2404
2406,0.0061715,7.069473399999987,32.3465,0.612561,751,2405
2407,0.005795,7.075268399999987,32.3465,0.612561,751,2406
2408,0.005591,7.080859399999987,32.3465,0.612561,751,2407
2409,0.0062623,7.0871216999999875,32.3465,0.612561,751,2408
2410,0.0055301,7.092651799999987,32.3465,0.612561,751,2409
2411,0.0060575,7.098709299999987,32.3465,0.612561,751,2410
2412,0.0058618,7.104571099999987,32.3465,0.611746,750,2411
2413,0.0056945,7.110265599999987,32.3465,0.611746,750,2412
2414,0.0059294,7.116194999999987,32.3465,0.611746,750,2413
2415,0.0059742,7.122169199999987,32.3465,0.611746,750,2414
2416,0.0058027,7.127971899999987,32.3465,0.611746,750,2415
2417,0.0099766,7.137948499999987,32.3465,0.611746,750,2416
2418,0.0055646,7.1435130999999865,32.3465,0.611746,750,2417
2419,0.0058829,7.149395999999986,32.3465,0.611746,750,2418
2420,0.0058629,7.155258899999986,32.3465,0.611746,750,2419
2421,0.0056436,7.160902499999986,32.3465,0.611746,750,2420
2422,0.0061162,7.1670186999999865,32.3465,0.611746,750,2421
2423,0.0072384,7.174257099999987,32.3465,0.611746,750,2422
2424,0.0055169,7.179773999999987,32.3465,0.611746,750,2423
2425,0.0060702,7.185844199999987,32.3465,0.611746,750,2424
2426,0.0056728,7.191516999999987,32.3465,0.611746,750,2425
2427,0.0060814,7.197598399999987,32.3465,0.611746,750,2426
2428,0.005841,7.203439399999987,32.3465,0.611746,750,2427
2429,0.0057674,7.209206799999987,32.3465,0.611746,750,2428
2430,0.006009,7.215215799999987,32.3465,0.611746,750,2429
2431,0.0062173,7.221433099999987,32.3465,0.611746,750,2430
2432,0.0057513,7.227184399999987,32.3465,0.611746,750,2431
2433,0.0061711,7.233355499999988,32.3465,0.611746,750,2432
2434,0.0059316,7.239287099999988,32.3465,0.611746,750,2433
2435,0.0057672,7.245054299999988,32.3465,0.611746,750,2434
2436,0.0060786,7.2511328999999884,32.3465,0.611746,750,2435
2437,0.0059303,7.257063199999989,32.3465,0.611746,750,2436
2438,0.0058739,7.262937099999989,32.3465,0.611746,750,2437
2439,0.0061731,7.2691101999999885,32.3465,0.611746,750,2438
2440,0.0059051,7.275015299999988,32.3465,0.61093,749,2440
2441,0.0059942,7.281009499999988,32.3465,0.61093,749,2441
2442,0.0060194,7.287028899999988,32.3465,0.61093,749,2442
2443,0.0058261,7.292854999999988,32.3465,0.61093,749,2443
2444,0.0060611,7.298916099999988,32.3465,0.61093,749,2444
2445,0.0059887,7.304904799999988,32.3465,0.61093,749,2445
2446,0.0056883,7.310593099999988,32.3465,0.61093,749,2446
2447,0.0060569,7.316649999999988,32.3465,0.61093,749,2447
2448,0.0058966,7.3225465999999875,32.3465,0.61093,749,2448
2449,0.0057071,7.328253699999988,32.3465,0.61093,749,2449
2450,0.0060361,7.334289799999988,32.3465,0.61093,749,2450
2451,0.0059132,7.340202999999988,32.3465,0.61093,749,2451
2452,0.0059421,7.346145099999989,32.3465,0.61093,749,2452
2453,0.0064111,7.352556199999989,32.3465,0.61093,749,2453
2454,0.0058344,7.358390599999989,32.3465,0.61093,749,2454
2455,0.0062568,7.364647399999989,32.3465,0.61093,749,2455
2456,0.0061821,7.3708294999999895,32.3465,0.61093,749,2456
2457,0.0058281,7.376657599999989,32.3465,0.61093,749,2457
2458,0.0060509,7.382708499999989,32.3465,0.61093,749,2458
2459,0.0061124,7.388820899999989,32.3465,0.61093,749,2459
2460,0.0063245,7.395145399999989,32.3465,0.61093,749,2460
2461,0.0062484,7.401393799999989,32.3465,0.61093,749,2461
2462,0.005892,7.407285799999989,32.3465,0.61093,749,2462
2463,0.0059367,7.413222499999989,32.3465,0.61093,749,2463
2464,0.0061737,7.419396199999989,32.3465,0.61093,749,2464
2465,0.0059298,7.4253259999999885,32.3465,0.61093,749,2465
2466,0.006087,7.4314129999999885,32.3465,0.61093,749,2466
2467,0.0061176,7.437530599999988,32.3465,0.61093,749,2467
2468,0.0058444,7.443374999999988,32.3465,0.61093,749,2468
2469,0.0063338,7.449708799999988,32.3465,0.610114,748,2470
2470,0.0062194,7.455928199999988,32.3465,0.610114,748,2471
2471,0.006076,7.462004199999988,32.3465,0.610114,748,2472
2472,0.0062346,7.468238799999988,32.3465,0.610114,748,2473
2473,0.0058108,7.474049599999988,32.3465,0.610114,748,2474
2474,0.0060903,7.480139899999989,32.3465,0.610114,748,2475
2475,0.0062033,7.486343199999989,32.3465,0.610114,748,2476
2476,0.0058755,7.492218699999989,32.3465,0.610114,748,2477
2477,0.0062095,7.498428199999989,32.3465,0.610114,748,2478
2478,0.0059815,7.5044096999999885,32.3465,0.610114,748,2479
2479,0.0059776,7.510387299999988,32.3465,0.610114,748,2480
2480,0.0063262,7.516713499999988,32.3465,0.610114,748,2481
2481,0.0060387,7.522752199999989,32.3465,0.610114,748,2482
2482,0.0060283,7.528780499999988,32.3465,0.610114,748,2483
2483,0.0062939,7.5350743999999885,32.3465,0.610114,748,2484
2484,0.0096886,7.544762999999988,32.3465,0.610114,748,2485
2485,0.0076388,7.552401799999988,32.3465,0.610114,748,2486
2486,0.0057623,7.5581640999999875,32.3465,0.610114,748,2487
2487,0.0060733,7.564237399999987,32.3465,0.610114,748,2488
2488,0.0059335,7.5701708999999875,32.3465,0.610114,748,2489
2489,0.0060258,7.576196699999987,32.3465,0.610114,748,2490
2490,0.0063259,7.5825225999999875,32.3465,0.610114,748,2491
2491,0.0062527,7.588775299999988,32.3465,0.610114,748,2492
2492,0.0058568,7.594632099999988,32.3465,0.610114,748,2493
2493,0.0062627,7.600894799999987,32.3465,0.610114,748,2494
2494,0.0062108,7.607105599999987,32.3465,0.610114,748,2495
2495,0.0080509,7.615156499999987,32.3465,0.610114,748,2496
2496,0.0063756,7.621532099999987,32.3465,0.610114,748,2497
2497,0.0060987,7.627630799999987,32.3465,0.610114,748,2498
2498,0.0068853,7.6345160999999875,32.3465,0.610114,748,2499
2499,0.006031,7.640547099999988,32.3465,0.610114,748,2500
2500,0.0061972,7.6467442999999875,32.3465,0.610114,748,2501
2501,0.00676,7.653504299999987,32.3465,0.610114,748,2502
2502,0.0066606,7.660164899999987,32.3465,0.610114,748,2503
2503,0.0063215,7.666486399999988,32.3465,0.609299,747,2504
2504,0.006184,7.672670399999988,32.3465,0.609299,747,2505
2505,0.0061621,7.678832499999988,32.3465,0.609299,747,2506
2506,0.0064678,7.685300299999988,32.3465,0.609299,747,2507
2507,0.0062757,7.691575999999988,32.3465,0.609299,747,2508
2508,0.0062704,7.697846399999988,32.3465,0.609299,747,2509
2509,0.0062187,7.704065099999988,32.3465,0.609299,747,2510
2510,0.0060783,7.710143399999988,32.3465,0.609299,747,2511
2511,0.0070475,7.717190899999988,32.3465,0.609299,747,2512
2512,0.0060467,7.723237599999988,32.3465,0.609299,747,2513
2513,0.0061381,7.729375699999988,32.3465,0.609299,747,2514
2514,0.0062551,7.735630799999988,32.3465,0.609299,747,2515
2515,0.0060758,7.741706599999987,32.3465,0.609299,747,2516
2516,0.0116045,7.753311099999987,32.3465,0.609299,747,2517
2517,0.0058574,7.759168499999987,32.3465,0.609299,747,2518
2518,0.0060951,7.765263599999987,32.3465,0.609299,747,2519
2519,0.0060265,7.7712900999999865,32.3465,0.609299,747,2520
2520,0.0058428,7.7771328999999865,32.3465,0.609299,747,2521
2521,0.006789,7.783921899999987,32.3465,0.609299,747,2522
2522,0.0083668,7.792288699999987,32.3465,0.609299,747,2523
2523,0.0062154,7.798504099999987,32.3465,0.609299,747,2524
2524,0.0062136,7.804717699999987,32.3465,0.609299,747,2525
2525,0.0060601,7.810777799999987,32.3465,0.609299,747,2526
2526,0.0065304,7.817308199999987,32.3465,0.609299,747,2527
2527,0.0066407,7.823948899999987,32.3465,0.609299,747,2528
2528,0.0062799,7.830228799999987,32.3465,0.609299,747,2529
2529,0.0062851,7.8365138999999875,32.3465,0.609299,747,2530
2530,0.0068345,7.843348399999988,32.3465,0.609299,747,2531
2531,0.0064322,7.8497805999999875,32.3465,0.609299,747,2532
2532,0.0063496,7.8561301999999875,32.3465,0.609299,747,2533
2533,0.0065018,7.862631999999987,32.3465,0.609299,747,2534
2534,0.0065953,7.869227299999987,32.3465,0.608483,746,2536
2535,0.0060467,7.875273999999987,32.3465,0.608483,746,2537
2536,0.0064824,7.881756399999987,32.3465,0.608483,746,2538
2537,0.0061042,7.887860599999987,32.3465,0.608483,746,2539
2538,0.0060351,7.893895699999987,32.3465,0.608483,746,2540
2539,0.0069075,7.900803199999987,32.3465,0.608483,746,2541
2540,0.0067709,7.907574099999987,32.3465,0.608483,746,2542
2541,0.0063266,7.913900699999988,32.3465,0.608483,746,2543
2542,0.0062838,7.920184499999988,32.3465,0.608483,746,2544
2543,0.0062543,7.926438799999988,32.3465,0.608483,746,2545
2544,0.0076496,7.934088399999988,32.3465,0.608483,746,2546
2545,0.0067935,7.9408818999999875,32.3465,0.608483,746,2547
2546,0.0064428,7.947324699999988,32.3465,0.608483,746,2548
2547,0.006511,7.9538356999999875,32.3465,0.608483,746,2549
2548,0.0063765,7.9602121999999875,32.3465,0.608483,746,2550
2549,0.0065275,7.966739699999987,32.3465,0.608483,746,2551
2550,0.0062019,7.972941599999987,32.3465,0.608483,746,2552
2551,0.0066676,7.979609199999987,32.3465,0.608483,746,2553
2552,0.0064376,7.986046799999987,32.3465,0.608483,746,2554
2553,0.0063334,7.992380199999987,32.3465,0.608483,746,2555
2554,0.0066837,7.999063899999987,32.3465,0.608483,746,2556
2555,0.0067423,8.005806199999988,32.3465,0.608483,746,2557
2556,0.0070994,8.012905599999987,32.3465,0.608483,746,2558
2557,0.0063229,8.019228499999988,32.3465,0.608483,746,2559
2558,0.0063895,8.025617999999987,32.3465,0.608483,746,2560
2559,0.0066745,8.032292499999988,32.3465,0.608483,746,2561
2560,0.0062793,8.038571799999987,32.3465,0.608483,746,2562
2561,0.0062474,8.044819199999987,32.3465,0.608483,746,2563
2562,0.006728,8.051547199999987,32.3465,0.608483,746,2564
2563,0.0062732,8.057820399999988,32.3465,0.608483,746,2565
2564,0.006497,8.064317399999988,32.3465,0.608483,746,2566
2565,0.0062607,8.070578099999988,32.3465,0.608483,746,2567
2566,0.0062164,8.076794499999988,32.3465,0.608483,746,2568
2567,0.0065605,8.083354999999989,32.3465,0.608483,746,2569
2568,0.006144,8.08949899999999,32.3465,0.608483,746,2570
2569,0.0076697,8.097168699999989,32.3465,0.608483,746,2571
2570,0.0061013,8.103269999999988,32.3465,0.608483,746,2572
2571,0.0062397,8.109509699999988,32.3465,0.608483,746,2573
2572,0.0066341,8.116143799999987,32.3465,0.608483,746,2574
2573,0.006216,8.122359799999987,32.3465,0.607667,745,2576
2574,0.0065734,8.128933199999988,32.3465,0.607667,745,2577
2575,0.0063095,8.135242699999989,32.3465,0.607667,745,2578
2576,0.0063017,8.141544399999988,32.3465,0.607667,745,2579
2577,0.0065819,8.148126299999989,32.3465,0.607667,745,2580
2578,0.0063083,8.15443459999999,32.3465,0.607667,745,2581
2579,0.0063703,8.16080489999999,32.3465,0.607667,745,2582
2580,0.0063991,8.16720399999999,32.3465,0.607667,745,2583
2581,0.0066394,8.173843399999988,32.3465,0.607667,745,2584
2582,0.0072206,8.181063999999989,32.3465,0.607667,745,2585
2583,0.006478,8.187541999999988,32.3465,0.607667,745,2586
2584,0.0064181,8.193960099999988,32.3465,0.607667,745,2587
2585,0.0063604,8.200320499999988,32.3465,0.607667,745,2588
2586,0.006201,8.206521499999988,32.3465,0.607667,745,2589
2587,0.0077031,8.214224599999989,32.3465,0.607667,745,2590
2588,0.0063756,8.22060019999999,32.3465,0.607667,745,2591
2589,0.0065001,8.22710029999999,32.3465,0.607667,745,2592
2590,0.0066272,8.23372749999999,32.3465,0.607667,745,2593
2591,0.0062708,8.23999829999999,32.3465,0.607667,745,2594
2592,0.00881,8.24880829999999,32.3465,0.607667,745,2595
2593,0.0062557,8.25506399999999,32.3465,0.607667,745,2596
2594,0.0086731,8.26373709999999,32.3465,0.607667,745,2597
2595,0.0062338,8.26997089999999,32.3465,0.607667,745,2598
2596,0.0065995,8.27657039999999,32.3465,0.607667,745,2599
2597,0.006565,8.28313539999999,32.3465,0.607667,745,2600
2598,0.0061975,8.289332899999991,32.3465,0.607667,745,2601
2599,0.0065391,8.29587199999999,32.3465,0.607667,745,2602
2600,0.006411,8.30228299999999,32.3465,0.607667,745,2603
2601,0.0064271,8.30871009999999,32.3465,0.607667,745,2604
2602,0.0066147,8.31532479999999,32.3465,0.606852,744,2605
2603,0.0063164,8.32164119999999,32.3465,0.606852,744,2606
2604,0.0084804,8.33012159999999,32.3465,0.606852,744,2607
2605,0.0062933,8.336414899999989,32.3465,0.606852,744,2608
2606,0.0063904,8.34280529999999,32.3465,0.606852,744,2609
2607,0.0067015,8.34950679999999,32.3465,0.606852,744,2610
2608,0.006061,8.35556779999999,32.3465,0.606852,744,2611
2609,0.0078777,8.36344549999999,32.3465,0.606852,744,2612
2610,0.0063219,8.36976739999999,32.3465,0.606852,744,2613
2611,0.0065554,8.37632279999999,32.3465,0.606852,744,2614
2612,0.0067619,8.38308469999999,32.3465,0.606852,744,2615
2613,0.0063326,8.389417299999991,32.3465,0.606852,744,2616
2614,0.0074763,8.396893599999991,32.3465,0.606852,744,2617
2615,0.0062865,8.403180099999991,32.3465,0.606852,744,2618
2616,0.0063928,8.409572899999992,32.3465,0.606852,744,2619
2617,0.0068086,8.416381499999991,32.3465,0.606852,744,2620
2618,0.0062976,8.422679099999991,32.3465,0.606852,744,2621
2619,0.0074622,8.430141299999992,32.3465,0.606852,744,2622
2620,0.006253,8.436394299999991,32.3465,0.606852,744,2623
2621,0.0064419,8.442836199999991,32.3465,0.606852,744,2624
2622,0.0067821,8.449618299999992,32.3465,0.606852,744,2625
2623,0.0063979,8.456016199999992,32.3465,0.606852,744,2626
2624,0.0066609,8.462677099999992,32.3465,0.606852,744,2627
2625,0.006642,8.469319099999991,32.3465,0.606852,744,2628
2626,0.0064695,8.47578859999999,32.3465,0.606852,744,2629
2627,0.0087341,8.48452269999999,32.3465,0.606852,744,2630
2628,0.0063364,8.490859099999991,32.3465,0.606036,743,2633
2629,0.0073082,8.498167299999992,32.3465,0.606036,743,2634
2630,0.0064152,8.50458249999999,32.3465,0.606036,743,2635
2631,0.0066798,8.511262299999991,32.3465,0.606036,743,2636
2632,0.0065493,8.517811599999991,32.3465,0.606036,743,2637
2633,0.0069563,8.524767899999992,32.3465,0.606036,743,2638
2634,0.0070906,8.531858499999991,32.3465,0.606036,743,2639
2635,0.0064487,8.538307199999991,32.3465,0.606036,743,2640
2636,0.0067726,8.545079799999991,32.3465,0.606036,743,2641
2637,0.0066907,8.551770499999991,32.3465,0.606036,743,2642
2638,0.0064244,8.558194899999991,32.3465,0.606036,743,2643
2639,0.006765,8.564959899999991,32.3465,0.606036,743,2644
2640,0.0063943,8.571354199999991,32.3465,0.606036,743,2645
2641,0.0064965,8.577850699999992,32.3465,0.606036,743,2646
2642,0.0066913,8.584541999999992,32.3465,0.606036,743,2647
2643,0.0065666,8.591108599999991,32.3465,0.606036,743,2648
2644,0.006996,8.59810459999999,32.3465,0.606036,743,2649
2645,0.0063508,8.60445539999999,32.3465,0.606036,743,2650
2646,0.0086832,8.61313859999999,32.3465,0.606036,743,2651
2647,0.0065344,8.61967299999999,32.3465,0.606036,743,2652
2648,0.0065522,8.62622519999999,32.3465,0.606036,743,2653
2649,0.0067803,8.63300549999999,32.3465,0.606036,743,2654
2650,0.0064472,8.63945269999999,32.3465,0.606036,743,2655
2651,0.0117087,8.65116139999999,32.3465,0.606036,743,2656
2652,0.0063489,8.657510299999991,32.3465,0.606036,743,2657
2653,0.0075578,8.665068099999992,32.3465,0.606036,743,2658
2654,0.0062974,8.671365499999991,32.3465,0.606036,743,2659
2655,0.0065059,8.677871399999992,32.3465,0.606036,743,2660
2656,0.0067384,8.684609799999992,32.3465,0.606036,743,2661
2657,0.0065659,8.691175699999992,32.3465,0.606036,743,2662
2658,0.0069719,8.698147599999992,32.3465,0.606036,743,2663
2659,0.0065406,8.70468819999999,32.3465,0.606036,743,2664
2660,0.0067393,8.71142749999999,32.3465,0.606036,743,2665
2661,0.0068453,8.71827279999999,32.3465,0.606036,743,2666
2662,0.006527,8.72479979999999,32.3465,0.606036,743,2667
2663,0.006985,8.731784799999991,32.3465,0.606036,743,2668
2664,0.006316,8.738100799999991,32.3465,0.606036,743,2669
2665,0.0077183,8.745819099999991,32.3465,0.606036,743,2670
2666,0.0063664,8.75218549999999,32.3465,0.606036,743,2671
2667,0.0068578,8.759043299999991,32.3465,0.606036,743,2672
2668,0.0066725,8.765715799999992,32.3465,0.606036,743,2673
2669,0.0065992,8.772314999999992,32.3465,0.606036,743,2674
2670,0.0067733,8.779088299999993,32.3465,0.60522,742,2677
2671,0.0067712,8.785859499999992,32.3465,0.60522,742,2678
2672,0.0067199,8.792579399999992,32.3465,0.60522,742,2679
2673,0.00674,8.799319399999993,32.3465,0.60522,742,2680
2674,0.0068923,8.806211699999993,32.3465,0.60522,742,2681
2675,0.0067774,8.812989099999994,32.3465,0.60522,742,2682
2676,0.0067431,8.819732199999994,32.3465,0.60522,742,2683
2677,0.0067812,8.826513399999994,32.3465,0.60522,742,2684
2678,0.0067011,8.833214499999995,32.3465,0.60522,742,2685
2679,0.006573,8.839787499999995,32.3465,0.60522,742,2686
2680,0.0070383,8.846825799999994,32.3465,0.60522,742,2687
2681,0.0070406,8.853866399999994,32.3465,0.60522,742,2688
2682,0.0082186,8.862084999999993,32.3465,0.60522,742,2689
2683,0.0068429,8.868927899999994,32.3465,0.60522,742,2690
2684,0.0065084,8.875436299999993,32.3465,0.60522,742,2691
2685,0.0068258,8.882262099999993,32.3465,0.60522,742,2692
2686,0.0065316,8.888793699999994,32.3465,0.60522,742,2693
2687,0.009732,8.898525699999993,32.3465,0.60522,742,2694
2688,0.0064444,8.904970099999993,32.3465,0.60522,742,2695
2689,0.0068878,8.911857899999992,32.3465,0.60522,742,2696
2690,0.0072039,8.919061799999993,32.3465,0.60522,742,2697
2691,0.006612,8.925673799999993,32.3465,0.60522,742,2698
2692,0.0067147,8.932388499999993,32.3465,0.604405,741,2700
2693,0.0064085,8.938796999999992,32.3465,0.604405,741,2701
2694,0.0069886,8.945785599999992,32.3465,0.604405,741,2702
2695,0.0065978,8.952383399999992,32.3465,0.604405,741,2703
2696,0.0067487,8.95913209999999,32.3465,0.604405,741,2704
2697,0.0069322,8.96606429999999,32.3465,0.604405,741,2705
2698,0.0067998,8.97286409999999,32.3465,0.604405,741,2706
2699,0.0071368,8.98000089999999,32.3465,0.604405,741,2707
2700,0.0067888,8.98678969999999,32.3465,0.604405,741,2708
2701,0.0069036,8.99369329999999,32.3465,0.604405,741,2709
2702,0.0067874,9.00048069999999,32.3465,0.604405,741,2710
2703,0.0066537,9.00713439999999,32.3465,0.604405,741,2711
2704,0.0071675,9.014301899999989,32.3465,0.604405,741,2712
2705,0.0067007,9.021002599999989,32.3465,0.604405,741,2713
2706,0.0068716,9.027874199999989,32.3465,0.604405,741,2714
2707,0.0066435,9.034517699999988,32.3465,0.604405,741,2715
2708,0.0067492,9.041266899999988,32.3465,0.604405,741,2716
2709,0.0080781,9.049344999999988,32.3465,0.604405,741,2717
2710,0.0066572,9.056002199999988,32.3465,0.604405,741,2718
2711,0.0072363,9.063238499999988,32.3465,0.604405,741,2719
2712,0.0068236,9.070062099999989,32.3465,0.604405,741,2720
2713,0.0077253,9.07778739999999,32.3465,0.604405,741,2721
2714,0.0068264,9.084613799999989,32.3465,0.604405,741,2722
2715,0.0069363,9.091550099999989,32.3465,0.604405,741,2723
2716,0.006939,9.098489099999988,32.3465,0.604405,741,2724
2717,0.0066836,9.105172699999988,32.3465,0.604405,741,2725
2718,0.0068909,9.112063599999988,32.3465,0.604405,741,2726
2719,0.0075574,9.119620999999988,32.3465,0.604405,741,2727
2720,0.0078374,9.127458399999988,32.3465,0.604405,741,2728
2721,0.0068317,9.134290099999987,32.3465,0.604405,741,2729
2722,0.0067697,9.141059799999987,32.3465,0.603589,740,2734
2723,0.007737,9.148796799999987,32.3465,0.603589,740,2735
2724,0.0066503,9.155447099999988,32.3465,0.603589,740,2736
2725,0.0075537,9.163000799999988,32.3465,0.603589,740,2737
2726,0.0067967,9.169797499999989,32.3465,0.603589,740,2738
2727,0.0068693,9.176666799999989,32.3465,0.603589,740,2739
2728,0.0068161,9.183482899999989,32.3465,0.603589,740,2740
2729,0.0068633,9.190346199999988,32.3465,0.603589,740,2741
2730,0.0071695,9.197515699999988,32.3465,0.603589,740,2742
2731,0.006816,9.204331699999988,32.3465,0.603589,740,2743
2732,0.0070078,9.211339499999989,32.3465,0.603589,740,2744
2733,0.0066498,9.217989299999989,32.3465,0.603589,740,2745
2734,0.0068152,9.224804499999989,32.3465,0.603589,740,2746
2735,0.0068384,9.231642899999988,32.3465,0.603589,740,2747
2736,0.0072539,9.238896799999988,32.3465,0.603589,740,2748
2737,0.0070353,9.245932099999989,32.3465,0.603589,740,2749
2738,0.0066871,9.25261919999999,32.3465,0.603589,740,2750
2739,0.0068783,9.25949749999999,32.3465,0.603589,740,2751
2740,0.0079549,9.26745239999999,32.3465,0.603589,740,2752
2741,0.0067228,9.27417519999999,32.3465,0.603589,740,2753
2742,0.0071299,9.28130509999999,32.3465,0.603589,740,2754
2743,0.0067925,9.28809759999999,32.3465,0.603589,740,2755
2744,0.0071808,9.29527839999999,32.3465,0.603589,740,2756
2745,0.0069509,9.30222929999999,32.3465,0.603589,740,2757
2746,0.0084837,9.31071299999999,32.3465,0.603589,740,2758
2747,0.0067302,9.317443199999989,32.3465,0.603589,740,2759
2748,0.0069082,9.324351399999989,32.3465,0.603589,740,2760
2749,0.0071742,9.331525599999988,32.3465,0.603589,740,2761
2750,0.0065682,9.338093799999989,32.3465,0.603589,740,2762
2751,0.0070532,9.345146999999988,32.3465,0.603589,740,2763
2752,0.0066965,9.351843499999989,32.3465,0.603589,740,2764
2753,0.0081748,9.36001829999999,32.3465,0.603589,740,2765
2754,0.0067629,9.36678119999999,32.3465,0.603589,740,2766
2755,0.0067902,9.373571399999989,32.3465,0.603589,740,2767
2756,0.0070491,9.380620499999988,32.3465,0.603589,740,2768
2757,0.0067029,9.387323399999989,32.3465,0.603589,740,2769
2758,0.007047,9.394370399999989,32.3465,0.603589,740,2770
2759,0.0068356,9.40120599999999,32.3465,0.603589,740,2771
2760,0.0068183,9.40802429999999,32.3465,0.603589,740,2772
2761,0.0067967,9.414820999999991,32.3465,0.603589,740,2773
2762,0.0066727,9.42149369999999,32.3465,0.603589,740,2774
2763,0.0072351,9.428728799999991,32.3465,0.603589,740,2775
2764,0.0067453,9.435474099999992,32.3465,0.603589,740,2776
2765,0.0080985,9.44357259999999,32.3465,0.602773,739,2780
2766,0.0067968,9.45036939999999,32.3465,0.602773,739,2781
2767,0.0068492,9.45721859999999,32.3465,0.602773,739,2782
2768,0.0069042,9.46412279999999,32.3465,0.602773,739,2783
2769,0.0067601,9.470882899999989,32.3465,0.602773,739,2784
2770,0.0071501,9.47803299999999,32.3465,0.602773,739,2785
2771,0.0068285,9.484861499999989,32.3465,0.602773,739,2786
2772,0.0070479,9.491909399999988,32.3465,0.602773,739,2787
2773,0.0070366,9.498945999999988,32.3465,0.602773,739,2788
2774,0.0068808,9.505826799999987,32.3465,0.602773,739,2789
2775,0.0073644,9.513191199999987,32.3465,0.602773,739,2790
2776,0.0067696,9.519960799999987,32.3465,0.602773,739,2791
2777,0.0071572,9.527117999999987,32.3465,0.602773,739,2792
2778,0.0069715,9.534089499999988,32.3465,0.602773,739,2793
2779,0.0070758,9.541165299999989,32.3465,0.602773,739,2794
2780,0.0071643,9.548329599999988,32.3465,0.602773,739,2795
2781,0.0072261,9.555555699999989,32.3465,0.602773,739,2796
2782,0.0068522,9.56240789999999,32.3465,0.602773,739,2797
2783,0.0066706,9.56907849999999,32.3465,0.602773,739,2798
2784,0.0071221,9.57620059999999,32.3465,0.602773,739,2799
2785,0.0070194,9.58321999999999,32.3465,0.602773,739,2800
2786,0.0071853,9.59040529999999,32.3465,0.602773,739,2801
2787,0.0070389,9.59744419999999,32.3465,0.602773,739,2802
2788,0.006869,9.60431319999999,32.3465,0.602773,739,2803
2789,0.0074097,9.61172289999999,32.3465,0.602773,739,2804
2790,0.0068827,9.61860559999999,32.3465,0.602773,739,2805
2791,0.0073623,9.62596789999999,32.3465,0.602773,739,2806
2792,0.0072937,9.63326159999999,32.3465,0.601958,738,2815
2793,0.0091338,9.642395399999991,32.3465,0.601958,738,2816
2794,0.0069738,9.649369199999992,32.3465,0.601958,738,2817
2795,0.0100733,9.659442499999992,32.3465,0.601958,738,2818
2796,0.0068942,9.666336699999992,32.3465,0.601958,738,2819
2797,0.0069831,9.673319799999991,32.3465,0.601958,738,2820
2798,0.007009,9.680328799999991,32.3465,0.601958,738,2821
2799,0.0067894,9.687118199999992,32.3465,0.601958,738,2822
2800,0.0078117,9.694929899999991,32.3465,0.601958,738,2823
2801,0.0067868,9.701716699999992,32.3465,0.601958,738,2824
2802,0.007555,9.709271699999992,32.3465,0.601958,738,2825
2803,0.006749,9.71602069999999,32.3465,0.601958,738,2826
2804,0.0069695,9.722990199999991,32.3465,0.601958,738,2827
2805,0.0071575,9.730147699999991,32.3465,0.601958,738,2828
2806,0.0068899,9.73703759999999,32.3465,0.601958,738,2829
2807,0.0076041,9.74464169999999,32.3465,0.601958,738,2830
2808,0.0067421,9.75138379999999,32.3465,0.601958,738,2831
2809,0.0077547,9.75913849999999,32.3465,0.601958,738,2832
2810,0.00761,9.76674849999999,32.3465,0.601958,738,2833
2811,0.0090546,9.77580309999999,32.3465,0.601958,738,2834
2812,0.0068815,9.78268459999999,32.3465,0.601958,738,2835
2813,0.0072016,9.78988619999999,32.3465,0.601958,738,2836
2814,0.0071936,9.797079799999992,32.3465,0.601958,738,2837
2815,0.0067858,9.803865599999991,32.3465,0.601958,738,2838
2816,0.0077478,9.811613399999992,32.3465,0.601958,738,2839
2817,0.0072416,9.818854999999992,32.3465,0.601958,738,2840
2818,0.0072881,9.826143099999992,32.3465,0.601958,738,2841
2819,0.0070989,9.833241999999993,32.3465,0.601958,738,2842
2820,0.0072361,9.840478099999993,32.3465,0.601958,738,2843
2821,0.0070846,9.847562699999994,32.3465,0.601958,738,2844
2822,0.0069406,9.854503299999994,32.3465,0.601958,738,2845
2823,0.0074696,9.861972899999994,32.3465,0.601142,737,2855
2824,0.0069725,9.868945399999994,32.3465,0.601142,737,2856
2825,0.0075127,9.876458099999994,32.3465,0.601142,737,2857
2826,0.0070152,9.883473299999993,32.3465,0.601142,737,2858
2827,0.0072749,9.890748199999994,32.3465,0.601142,737,2859
2828,0.0073122,9.898060399999993,32.3465,0.601142,737,2860
2829,0.0071969,9.905257299999993,32.3465,0.601142,737,2861
2830,0.0085038,9.913761099999993,32.3465,0.601142,737,2862
2831,0.0070623,9.920823399999993,32.3465,0.601142,737,2863
2832,0.0077059,9.928529299999992,32.3465,0.601142,737,2864
2833,0.0070841,9.935613399999992,32.3465,0.601142,737,2865
2834,0.0073466,9.942959999999992,32.3465,0.601142,737,2866
2835,0.0070148,9.949974799999993,32.3465,0.601142,737,2867
2836,0.0070863,9.957061099999992,32.3465,0.601142,737,2868
2837,0.0074124,9.964473499999992,32.3465,0.601142,737,2869
2838,0.0069384,9.97141189999999,32.3465,0.601142,737,2870
2839,0.0072375,9.978649399999991,32.3465,0.601142,737,2871
2840,0.0071718,9.985821199999991,32.3465,0.601142,737,2872
2841,0.008069,9.993890199999992,32.3465,0.601142,737,2873
2842,0.0070458,10.000935999999992,32.3465,0.601142,737,2874
2843,0.0074349,10.008370899999992,32.3465,0.601142,737,2875
2844,0.0070609,10.015431799999993,32.3465,0.601142,737,2876
2845,0.0096525,10.025084299999993,32.3465,0.601142,737,2877
2846,0.0072168,10.032301099999993,32.3465,0.601142,737,2878
2847,0.0089879,10.041288999999992,32.3465,0.601142,737,2879
2848,0.0070709,10.048359899999992,32.3465,0.601142,737,2880
2849,0.0069687,10.055328599999992,32.3465,0.601142,737,2881
2850,0.0073163,10.062644899999992,32.3465,0.601142,737,2882
2851,0.0070602,10.069705099999991,32.3465,0.601142,737,2883
2852,0.0074587,10.077163799999992,32.3465,0.601142,737,2884
2853,0.0071025,10.084266299999992,32.3465,0.601142,737,2885
2854,0.0086311,10.092897399999993,32.3465,0.601142,737,2886
2855,0.0069983,10.099895699999992,32.3465,0.601142,737,2887
2856,0.0082988,10.108194499999993,32.3465,0.601142,737,2888
2857,0.0071271,10.115321599999993,32.3465,0.601142,737,2889
2858,0.0074668,10.122788399999992,32.3465,0.601142,737,2890
2859,0.0074354,10.130223799999992,32.3465,0.601142,737,2891
2860,0.0073652,10.137588999999993,32.3465,0.601142,737,2892
2861,0.007626,10.145214999999993,32.3465,0.600326,736,2898
2862,0.0071341,10.152349099999993,32.3465,0.600326,736,2899
2863,0.0075896,10.159938699999993,32.3465,0.600326,736,2900
2864,0.0071085,10.167047199999992,32.3465,0.600326,736,2901
2865,0.007622,10.174669199999991,32.3465,0.600326,736,2902
2866,0.0071566,10.181825799999991,32.3465,0.600326,736,2903
2867,0.009267,10.191092799999991,32.3465,0.600326,736,2904
2868,0.0075375,10.19863029999999,32.3465,0.600326,736,2905
2869,0.0090225,10.207652799999991,32.3465,0.600326,736,2906
2870,0.0078622,10.215514999999991,32.3465,0.600326,736,2907
2871,0.0085605,10.22407549999999,32.3465,0.600326,736,2908
2872,0.0071459,10.23122139999999,32.3465,0.600326,736,2909
2873,0.0074459,10.23866729999999,32.3465,0.600326,736,2910
2874,0.0072425,10.24590979999999,32.3465,0.600326,736,2911
2875,0.0074461,10.25335589999999,32.3465,0.600326,736,2912
2876,0.0117779,10.26513379999999,32.3465,0.600326,736,2913
2877,0.007056,10.27218979999999,32.3465,0.600326,736,2914
2878,0.0071844,10.27937419999999,32.3465,0.600326,736,2915
2879,0.0073307,10.286704899999991,32.3465,0.600326,736,2916
2880,0.0078378,10.294542699999992,32.3465,0.600326,736,2917
2881,0.0070162,10.301558899999993,32.3465,0.600326,736,2918
2882,0.0075727,10.309131599999994,32.3465,0.600326,736,2919
2883,0.0070883,10.316219899999993,32.3465,0.600326,736,2920
2884,0.0074539,10.323673799999993,32.3465,0.600326,736,2921
2885,0.0072268,10.330900599999993,32.3465,0.599511,735,2926
2886,0.0092761,10.340176699999992,32.3465,0.599511,735,2927
2887,0.0072126,10.347389299999993,32.3465,0.599511,735,2928
2888,0.0095898,10.356979099999993,32.3465,0.599511,735,2929
2889,0.0071735,10.364152599999993,32.3465,0.599511,735,2930
2890,0.0093683,10.373520899999994,32.3465,0.599511,735,2931
2891,0.0073052,10.380826099999993,32.3465,0.599511,735,2932
2892,0.0072628,10.388088899999993,32.3465,0.599511,735,2933
2893,0.0075266,10.395615499999993,32.3465,0.599511,735,2934
2894,0.0072555,10.402870999999992,32.3465,0.599511,735,2935
2895,0.0074876,10.410358599999991,32.3465,0.599511,735,2936
2896,0.0074429,10.41780149999999,32.3465,0.599511,735,2937
2897,0.0075692,10.425370699999991,32.3465,0.599511,735,2938
2898,0.0076008,10.432971499999992,32.3465,0.599511,735,2939
2899,0.0075654,10.440536899999993,32.3465,0.599511,735,2940
2900,0.0074855,10.448022399999992,32.3465,0.599511,735,2941
2901,0.0075338,10.455556199999991,32.3465,0.599511,735,2942
2902,0.0077948,10.46335099999999,32.3465,0.599511,735,2943
2903,0.0074858,10.47083679999999,32.3465,0.599511,735,2944
2904,0.0074349,10.47827169999999,32.3465,0.599511,735,2945
2905,0.0078506,10.48612229999999,32.3465,0.599511,735,2946
2906,0.0075772,10.49369949999999,32.3465,0.599511,735,2947
2907,0.0079941,10.501693599999989,32.3465,0.599511,735,2948
2908,0.0075883,10.509281899999989,32.3465,0.599511,735,2949
2909,0.007311,10.516592899999988,32.3465,0.599511,735,2950
2910,0.0074594,10.524052299999989,32.3465,0.599511,735,2951
2911,0.0072038,10.531256099999988,32.3465,0.599511,735,2952
2912,0.007428,10.538684099999989,32.3465,0.599511,735,2953
2913,0.0074623,10.546146399999989,32.3465,0.599511,735,2954
2914,0.0073588,10.55350519999999,32.3465,0.599511,735,2955
2915,0.0076983,10.561203499999989,32.3465,0.599511,735,2956
2916,0.0071437,10.56834719999999,32.3465,0.599511,735,2957
2917,0.0076101,10.57595729999999,32.3465,0.599511,735,2958
2918,0.0081616,10.58411889999999,32.3465,0.599511,735,2959
2919,0.0076754,10.59179429999999,32.3465,0.599511,735,2960
2920,0.0074167,10.59921099999999,32.3465,0.599511,735,2961
2921,0.0075462,10.60675719999999,32.3465,0.598695,734,2967
2922,0.0076054,10.614362599999989,32.3465,0.598695,734,2968
2923,0.0084047,10.622767299999989,32.3465,0.598695,734,2969
2924,0.0073498,10.630117099999989,32.3465,0.598695,734,2970
2925,0.0074527,10.637569799999989,32.3465,0.598695,734,2971
2926,0.0072972,10.644866999999989,32.3465,0.598695,734,2972
2927,0.0074943,10.652361299999988,32.3465,0.598695,734,2973
2928,0.0079869,10.660348199999989,32.3465,0.598695,734,2974
2929,0.0075186,10.667866799999988,32.3465,0.598695,734,2975
2930,0.0078088,10.675675599999987,32.3465,0.598695,734,2976
2931,0.0073962,10.683071799999988,32.3465,0.598695,734,2977
2932,0.0077007,10.690772499999987,32.3465,0.598695,734,2978
2933,0.0074739,10.698246399999988,32.3465,0.598695,734,2979
2934,0.0078429,10.706089299999988,32.3465,0.598695,734,2980
2935,0.007464,10.713553299999989,32.3465,0.598695,734,2981
2936,0.0086874,10.722240699999988,32.3465,0.598695,734,2982
2937,0.0072966,10.729537299999988,32.3465,0.598695,734,2983
2938,0.0094752,10.739012499999989,32.3465,0.598695,734,2984
2939,0.007347,10.746359499999988,32.3465,0.598695,734,2985
2940,0.007533,10.753892499999989,32.3465,0.598695,734,2986
2941,0.0082243,10.762116799999989,32.3465,0.598695,734,2987
2942,0.0076915,10.769808299999989,32.3465,0.598695,734,2988
2943,0.00806,10.777868299999989,32.3465,0.598695,734,2989
2944,0.0072896,10.785157899999989,32.3465,0.598695,734,2990
2945,0.0077157,10.79287359999999,32.3465,0.598695,734,2991
2946,0.007345,10.80021859999999,32.3465,0.598695,734,2992
2947,0.0081809,10.80839949999999,32.3465,0.598695,734,2993
2948,0.0071873,10.81558679999999,32.3465,0.598695,734,2994
2949,0.0078886,10.823475399999989,32.3465,0.598695,734,2995
2950,0.0077002,10.83117559999999,32.3465,0.598695,734,2996
2951,0.0076755,10.838851099999989,32.3465,0.598695,734,2997
2952,0.007358,10.846209099999989,32.3465,0.598695,734,2998
2953,0.0092078,10.85541689999999,32.3465,0.598695,734,2999
2954,0.0074324,10.86284929999999,32.3465,0.598695,734,3000
2955,0.0090543,10.87190359999999,32.3465,0.598695,734,3001
2956,0.0090887,10.88099229999999,32.3465,0.598695,734,3002
2957,0.0076118,10.88860409999999,32.3465,0.598695,734,3003
2958,0.007826,10.89643009999999,32.3465,0.598695,734,3004
2959,0.0075856,10.90401569999999,32.3465,0.598695,734,3005
2960,0.007901,10.91191669999999,32.3465,0.597879,733,3013
2961,0.0099825,10.92189919999999,32.3465,0.597879,733,3014
2962,0.0075106,10.92940979999999,32.3465,0.597879,733,3015
2963,0.0075996,10.93700939999999,32.3465,0.597879,733,3016
2964,0.0084039,10.94541329999999,32.3465,0.597879,733,3017
2965,0.0096037,10.95501699999999,32.3465,0.597879,733,3018
2966,0.0072954,10.96231239999999,32.3465,0.597879,733,3019
2967,0.0074642,10.969776599999989,32.3465,0.597879,733,3020
2968,0.0075514,10.97732799999999,32.3465,0.597879,733,3021
2969,0.0078208,10.985148799999989,32.3465,0.597879,733,3022
2970,0.0076344,10.99278319999999,32.3465,0.597879,733,3023
2971,0.0072859,11.000069099999989,32.3465,0.597879,733,3024
2972,0.0079896,11.008058699999989,32.3465,0.597879,733,3025
2973,0.0074423,11.015500999999988,32.3465,0.597879,733,3026
2974,0.008008,11.023508999999988,32.3465,0.597879,733,3027
2975,0.0074558,11.030964799999989,32.3465,0.597879,733,3028
2976,0.0079557,11.038920499999989,32.3465,0.597879,733,3029
2977,0.0076832,11.04660369999999,32.3465,0.597879,733,3030
2978,0.0077639,11.05436759999999,32.3465,0.597879,733,3031
2979,0.007546,11.06191359999999,32.3465,0.597879,733,3032
2980,0.007687,11.06960059999999,32.3465,0.597879,733,3033
2981,0.0078326,11.07743319999999,32.3465,0.597879,733,3034
2982,0.0077449,11.085178099999991,32.3465,0.597879,733,3035
2983,0.0077713,11.092949399999991,32.3465,0.597879,733,3036
2984,0.0075499,11.100499299999992,32.3465,0.597879,733,3037
2985,0.0078791,11.108378399999992,32.3465,0.597879,733,3038
2986,0.0073522,11.115730599999992,32.3465,0.597879,733,3039
2987,0.0080327,11.123763299999991,32.3465,0.597879,733,3040
2988,0.0072708,11.131034099999992,32.3465,0.597879,733,3041
2989,0.0077542,11.138788299999993,32.3465,0.597879,733,3042
2990,0.0079771,11.146765399999992,32.3465,0.597879,733,3043
2991,0.0077064,11.154471799999992,32.3465,0.597879,733,3044
2992,0.0074834,11.161955199999992,32.3465,0.597879,733,3045
2993,0.0075822,11.169537399999992,32.3465,0.597879,733,3046
2994,0.008685,11.178222399999992,32.3465,0.597879,733,3047
2995,0.0095705,11.187792899999993,32.3465,0.597879,733,3048
2996,0.0076194,11.195412299999992,32.3465,0.597879,733,3049
2997,0.0078814,11.203293699999993,32.3465,0.597879,733,3050
2998,0.0077546,11.211048299999993,32.3465,0.597879,733,3051
2999,0.0077162,11.218764499999994,32.3465,0.597879,733,3052
3000,0.0081651,11.226929599999993,32.3465,0.597879,733,3053
